{
    "id": 476,
    "name": "logo-accenture-brand-product-font-headquarter-5ce3d6cc42976a1658ad6b919312dbae.png",
    "slug": "logo-accenture-brand-product-font-headquarter-5ce3d6cc42976a1658ad6b919312dbae.png",
    "path": "themes\/14\/file_logo-accenture-brand-product-font-headquarter-5ce3d6cc42976a1658ad6b919312dbae.png",
    "type": "images",
    "client_id": 12,
    "agency_id": 1,
    "theme_id": 14,
    "user_id": 43,
    "status": 1,
    "created_at": "2021-05-11T09:54:02.000000Z",
    "updated_at": "2021-05-11T09:54:02.000000Z"
}