{
    "set1":{
        "heading":"<h1>New Passage</h1>",
        "questions":{
            "1":{
                "question":"What is the color of sun?",
                "a":"red",
                "b":"orange",
                "answer":"a",
                "type":"mcq"
            },
            "5":{
                "question":"Name one color",
                "answer":"pink/red",
                "type":"fillup"
            },
            "3":{
                "answer":"apple/banana/orange",
                "type":"fillup"
            }
        }
    },
    "set2":{
        "heading":"<h1>New Passage 3</h1>",
        "questions":{
            "1":{
                "question":"What is the color of sun?",
                "a":"red",
                "b":"orange",
                "answer":"a",
                "type":"mcq"
            },
            "2":{
                "question":"Name one color",
                "answer":"pink/red",
                "type":"fillup"
            },
            "3":{
                "answer":"apple/banana/orange",
                "type":"fillup"
            }
        }
    }
}