<?xml version="1.0" encoding="ISO-8859-1" ?>
<DOC><copyright>First Academy 2019</copyright>

<test type="fitb">

<title><![CDATA[<hr><b>The New Wife</b> <br />]]></title>

<instructions><![CDATA[ Passage 1 ]]></instructions>

<textcont><![CDATA[  <span id="maintitle"><b>Type Y, N, or NG in the blanks provided</b> </span>]]></textcont>

<item>
<text><![CDATA[<br />01. ]]></text>
<gap gaptype="typein">NG</gap>
</item>

<item>
<text><![CDATA[<br />02. ]]></text>
<gap gaptype="typein">NG</gap>
</item> 

<item>
<text><![CDATA[<br />03. ]]></text>
<gap gaptype="typein">N</gap>
</item> 

<item>
<text><![CDATA[<br />04. ]]></text>
<gap gaptype="typein">NG</gap>
</item> 

<item>
<text><![CDATA[<br />05. ]]></text>
<gap gaptype="typein">NG</gap>
</item> 

</test>

<test type="fitb">

<title><![CDATA[<hr><b>Reed Boat</b> <br />]]></title>

<instructions><![CDATA[ Passage 2 ]]></instructions>

<textcont><![CDATA[  <span id="maintitle"><b>Type Y, N, or NG in the blanks provided</b> </span>]]></textcont>

<item>
<text><![CDATA[<br />06. ]]></text>
<gap gaptype="typein">N</gap>
</item>

<item>
<text><![CDATA[<br />07. ]]></text>
<gap gaptype="typein">N</gap>
</item> 

<item>
<text><![CDATA[<br />08. ]]></text>
<gap gaptype="typein">Y</gap>
</item> 

<item>
<text><![CDATA[<br />09. ]]></text>
<gap gaptype="typein">NG</gap>
</item> 

<item>
<text><![CDATA[<br />10. ]]></text>
<gap gaptype="typein">NG</gap>
</item> 

</test>
<test type="fitb">

<title><![CDATA[<hr><b>Darwin's Theory</b> <br />]]></title>

<instructions><![CDATA[ Passage 3 ]]></instructions>

<textcont><![CDATA[  <span id="maintitle"><b>Type Y, N, or NG in the blanks provided</b> </span>]]></textcont>

<item>
<text><![CDATA[<br />11. ]]></text>
<gap gaptype="typein">Y</gap>
</item>

<item>
<text><![CDATA[<br />12. ]]></text>
<gap gaptype="typein">NG</gap>
</item> 

<item>
<text><![CDATA[<br />13. ]]></text>
<gap gaptype="typein">Y</gap>
</item> 

<item>
<text><![CDATA[<br />14. ]]></text>
<gap gaptype="typein">NG</gap>
</item> 

<item>
<text><![CDATA[<br />15. ]]></text>
<gap gaptype="typein">N</gap>
</item> 

</test>
<test type="fitb">

<title><![CDATA[<hr><b>The Mini</b> <br />]]></title>

<instructions><![CDATA[ Passage 4 ]]></instructions>

<textcont><![CDATA[  <span id="maintitle"><b>Type Y, N, or NG in the blanks provided</b> </span>]]></textcont>

<item>
<text><![CDATA[<br />16. ]]></text>
<gap gaptype="typein">N</gap>
</item>

<item>
<text><![CDATA[<br />17. ]]></text>
<gap gaptype="typein">N</gap>
</item> 

<item>
<text><![CDATA[<br />18. ]]></text>
<gap gaptype="typein">NG</gap>
</item> 

<item>
<text><![CDATA[<br />19. ]]></text>
<gap gaptype="typein">Y</gap>
</item> 

<item>
<text><![CDATA[<br />20. ]]></text>
<gap gaptype="typein">NG</gap>
</item> 

</test>


<test type="fitb">

<title><![CDATA[<hr><b>Wright Brothers</b> <br />]]></title>

<instructions><![CDATA[ Passage 5 ]]></instructions>

<textcont><![CDATA[  <span id="maintitle"><b>Type Y, N, or NG in the blanks provided</b> </span>]]></textcont>

<item>
<text><![CDATA[<br />21. ]]></text>
<gap gaptype="typein">NG</gap>
</item>

<item>
<text><![CDATA[<br />22. ]]></text>
<gap gaptype="typein">Y</gap>
</item> 

<item>
<text><![CDATA[<br />23. ]]></text>
<gap gaptype="typein">Y</gap>
</item> 

<item>
<text><![CDATA[<br />24. ]]></text>
<gap gaptype="typein">NG</gap>
</item> 

<item>
<text><![CDATA[<br />25. ]]></text>
<gap gaptype="typein">NG</gap>
</item> 

<item>
<text><![CDATA[<br />26. ]]></text>
<gap gaptype="typein">Y</gap>
</item> 

</test>


<test type="fitb">

<title><![CDATA[<hr><b>Burj Al Arab</b> <br />]]></title>

<instructions><![CDATA[ Passage 6 ]]></instructions>

<textcont><![CDATA[  <span id="maintitle"><b>Type Y, N, or NG in the blanks provided</b> </span>]]></textcont>

<item>
<text><![CDATA[<br />27. ]]></text>
<gap gaptype="typein">NG</gap>
</item>

<item>
<text><![CDATA[<br />28. ]]></text>
<gap gaptype="typein">NG</gap>
</item> 

<item>
<text><![CDATA[<br />29. ]]></text>
<gap gaptype="typein">Y</gap>
</item> 

<item>
<text><![CDATA[<br />30. ]]></text>
<gap gaptype="typein">N</gap>
</item> 

<item>
<text><![CDATA[<br />31. ]]></text>
<gap gaptype="typein">NG</gap>
</item> 

<item>
<text><![CDATA[<br />32. ]]></text>
<gap gaptype="typein">Y</gap>
</item> 

<item>
<text><![CDATA[<br />33. ]]></text>
<gap gaptype="typein">NG</gap>
</item> 
</test>



<test type="fitb">

<title><![CDATA[<hr><b>Cloud Technology</b> <br />]]></title>

<instructions><![CDATA[ Passage 7 ]]></instructions>

<textcont><![CDATA[  <span id="maintitle"><b>Type Y, N, or NG in the blanks provided</b> </span>]]></textcont>

<item>
<text><![CDATA[<br />34. ]]></text>
<gap gaptype="typein">Y</gap>
</item>

<item>
<text><![CDATA[<br />35. ]]></text>
<gap gaptype="typein">N</gap>
</item> 

<item>
<text><![CDATA[<br />36. ]]></text>
<gap gaptype="typein">NG</gap>
</item> 

<item>
<text><![CDATA[<br />37. ]]></text>
<gap gaptype="typein">NG</gap>
</item> 

<item>
<text><![CDATA[<br />38. ]]></text>
<gap gaptype="typein">Y</gap>
</item> 

</test>


<test type="fitb">

<title><![CDATA[<hr><b> Reclamation</b> <br />]]></title>

<instructions><![CDATA[ Passage 8 ]]></instructions>

<textcont><![CDATA[  <span id="maintitle"><b>We will make it easy for you and discuss the answers in class!</b> </span>]]></textcont>

</test>

<test type="fitb">

<title><![CDATA[<hr><b>National Aquarium</b> <br />]]></title>

<instructions><![CDATA[ Passage 9 ]]></instructions>

<textcont><![CDATA[  <span id="maintitle"><b>Type Y, N, or NG in the blanks provided</b> </span>]]></textcont>

<item>
<text><![CDATA[<br />47. ]]></text>
<gap gaptype="typein">N</gap>
</item>

<item>
<text><![CDATA[<br />48. ]]></text>
<gap gaptype="typein">NG</gap>
</item> 

<item>
<text><![CDATA[<br />49. ]]></text>
<gap gaptype="typein">Y</gap>
</item> 

<item>
<text><![CDATA[<br />50. ]]></text>
<gap gaptype="typein">NG</gap>
</item> 

<item>
<text><![CDATA[<br />51. ]]></text>
<gap gaptype="typein">NG</gap>
</item> 

</test>


<test type="fitb">

<title><![CDATA[<hr><b> Ghost Stories</b> <br />]]></title>

<instructions><![CDATA[ Passage 10 ]]></instructions>

<textcont><![CDATA[  <span id="maintitle"><b>Type Y, N, or NG in the blanks provided</b> </span>]]></textcont>

<item>
<text><![CDATA[<br />52. ]]></text>
<gap gaptype="typein">N</gap>
</item>

<item>
<text><![CDATA[<br />53. ]]></text>
<gap gaptype="typein">NG</gap>
</item> 

<item>
<text><![CDATA[<br />54. ]]></text>
<gap gaptype="typein">N</gap>
</item> 

<item>
<text><![CDATA[<br />55. ]]></text>
<gap gaptype="typein">N</gap>
</item> 

<item>
<text><![CDATA[<br />56. ]]></text>
<gap gaptype="typein">Y</gap>
</item> 

<item>
<text><![CDATA[<br />57. ]]></text>
<gap gaptype="typein">NG</gap>
</item> 

<item>
<text><![CDATA[<br />58. ]]></text>
<gap gaptype="typein">N</gap>
</item> 
</test>



</DOC>