{
    "id": 1,
    "name": "header",
    "slug": "header",
    "html": "<!DOCTYPE html>\r\n<html lang=\"en\">\r\n  <head>\r\n    <!-- Title -->\r\n    <title>{{ :title }}<\/title>\r\n\r\n    <!-- Required Meta Tags Always Come First -->\r\n    <meta charset=\"utf-8\" \/>\r\n    <meta\r\n      name=\"viewport\"\r\n      content=\"width=device-width, initial-scale=1, shrink-to-fit=no\"\r\n    \/>\r\n\t<meta name=\"description\" content=\"{{:description}}\">\r\n    <!-- packetprep Logo -->\r\n    <link rel=\"shortcut icon\" href=\"{{ &logo.jpeg }}\" \/>\r\n    <link href=\"https:\/\/unpkg.com\/aos@2.3.1\/dist\/aos.css\" rel=\"stylesheet\" \/>\r\n\r\n    <!-- Font -->\r\n    <link\r\n      href=\"https:\/\/fonts.googleapis.com\/css?family=Open+Sans:400,600&display=swap\"\r\n      rel=\"stylesheet\"\r\n    \/>\r\n\r\n    <!-- CSS Implementing Plugins -->\r\n    <link\r\n      rel=\"stylesheet\"\r\n      href=\"\/themes\/front\/vendor\/font-awesome\/css\/all.min.css\"\r\n    \/>\r\n    <link\r\n      rel=\"stylesheet\"\r\n      href=\"\/themes\/front\/vendor\/hs-mega-menu\/dist\/hs-mega-menu.min.css\"\r\n    \/>\r\n    <link\r\n      rel=\"stylesheet\"\r\n      href=\"\/themes\/front\/vendor\/slick-carousel\/slick\/slick.css\"\r\n    \/>\r\n    <link rel=\"stylesheet\" href=\"\/themes\/front\/vendor\/aos\/dist\/aos.css\" \/>\r\n    <!-- CSS Front Template -->\r\n    <link rel=\"stylesheet\" href=\"\/themes\/front\/css\/theme.css\" \/>\r\n    <link rel=\"stylesheet\" href=\"{{&test.css}}\" \/>\r\n     <style>\r\n     html{\r\n     overflow-x: hidden;\r\n     }\r\n      .small_hero img{\r\n        display: none;\r\n      }\r\n      @media only screen and (max-width: 768px) {\r\n       .small_hero img {\r\n       display: block;    \r\n       box-sizing: border-box;\r\n      }\r\n      @media only screen and (max-width: 998px) {\r\n       .para_line {\r\n       line-height:28px;\r\n      }\r\n    }\r\n    <\/style>\r\n  <\/head>\r\n  <body style=\"overflow-x: hidden;\">\r\n    <!-- ========== HEADER ========== -->\r\n    <header id=\"header\"\r\n        class=\"header center-aligned-navbar header-bg-transparent header-white-nav-links-lg header-abs-top\"\r\n        style=\"background-color:rgb(35 111 177);\" data-hs-header-options='{\r\n            \"fixMoment\": 1000,\r\n            \"fixEffect\": \"slide\"\r\n          }'>\r\n        <div class=\"header-section\">\r\n            <div id=\"logoAndNav\" class=\"container\">\r\n                <!-- Nav -->\r\n                <nav class=\"js-mega-menu navbar navbar-expand-lg\">\r\n                    <div class=\"navbar-nav-wrap\">\r\n                        <!-- Logo -->\r\n                        <a class=\"navbar-brand navbar-nav-wrap-brand\" href=\"\/\" aria-label=\"Front\">\r\n                            <img src=\"{{ &packetPrepLogo.jpeg }}\" style=\"width: 80px; height: 80px;\"\r\n                                alt=\"Logo\">\r\n                        <\/a>\r\n                        <!-- End Logo -->\r\n\r\n                        <!-- Secondary Content -->\r\n                        <div class=\"navbar-nav-wrap-content text-center\">\r\n                            <div class=\"mr-3 m-lg-0\">\r\n                                <a class=\"btn btn-sm btn-light transition-3d-hover\"\r\n                                    href=\"\/contact\" >\r\n                                    Talk to us\r\n                                <\/a>\r\n                            <\/div>\r\n                        <\/div>\r\n                        <!-- End Secondary Content -->\r\n\r\n                        <!-- Responsive Toggle Button -->\r\n                        <button type=\"button\"\r\n                            class=\"navbar-toggler navbar-nav-wrap-toggler btn btn-icon btn-sm rounded-circle\"\r\n                            aria-label=\"Toggle navigation\" aria-expanded=\"false\" aria-controls=\"navBar\"\r\n                            data-toggle=\"collapse\" data-target=\"#navBar\">\r\n                            <span class=\"navbar-toggler-default\">\r\n                                <svg width=\"14\" height=\"14\" viewBox=\"0 0 18 18\" xmlns=\"http:\/\/www.w3.org\/2000\/svg\">\r\n                                    <path fill=\"currentColor\"\r\n                                        d=\"M17.4,6.2H0.6C0.3,6.2,0,5.9,0,5.5V4.1c0-0.4,0.3-0.7,0.6-0.7h16.9c0.3,0,0.6,0.3,0.6,0.7v1.4C18,5.9,17.7,6.2,17.4,6.2z M17.4,14.1H0.6c-0.3,0-0.6-0.3-0.6-0.7V12c0-0.4,0.3-0.7,0.6-0.7h16.9c0.3,0,0.6,0.3,0.6,0.7v1.4C18,13.7,17.7,14.1,17.4,14.1z\" \/>\r\n                                <\/svg>\r\n                            <\/span>\r\n                            <span class=\"navbar-toggler-toggled\">\r\n                                <svg width=\"14\" height=\"14\" viewBox=\"0 0 18 18\" xmlns=\"http:\/\/www.w3.org\/2000\/svg\">\r\n                                    <path fill=\"currentColor\"\r\n                                        d=\"M11.5,9.5l5-5c0.2-0.2,0.2-0.6-0.1-0.9l-1-1c-0.3-0.3-0.7-0.3-0.9-0.1l-5,5l-5-5C4.3,2.3,3.9,2.4,3.6,2.6l-1,1 C2.4,3.9,2.3,4.3,2.5,4.5l5,5l-5,5c-0.2,0.2-0.2,0.6,0.1,0.9l1,1c0.3,0.3,0.7,0.3,0.9,0.1l5-5l5,5c0.2,0.2,0.6,0.2,0.9-0.1l1-1 c0.3-0.3,0.3-0.7,0.1-0.9L11.5,9.5z\" \/>\r\n                                <\/svg>\r\n                            <\/span>\r\n                        <\/button>\r\n                        <!-- End Responsive Toggle Button -->\r\n\r\n                        <!-- Navigation -->\r\n                        <div id=\"navBar\" class=\"collapse navbar-collapse navbar-nav-wrap-collapse\">\r\n                            <div class=\"navbar-body header-abs-top-inner\">\r\n                                <ul class=\"navbar-nav\">\r\n\r\n                                        <!-- Curriculum -->\r\n                                    <li class=\"hs-has-sub-menu navbar-nav-item mx-3\">\r\n                                        <a id=\"pagesMegaMenu\" class=\"hs-mega-menu-invoker nav-link\"\r\n                                            href=\"\/\" aria-haspopup=\"true\" aria-expanded=\"false\"\r\n                                            aria-labelledby=\"pagesSubMenu\">Home<\/a>\r\n\r\n                                        <!-- Curriculum - Submenu -->\r\n                                        <div id=\"pagesSubMenu\" class=\"hs-sub-menu \" aria-labelledby=\"pagesMegaMenu\"\r\n                                            style=\"min-width: 230px;\">\r\n                                        <\/div>\r\n                                        <!-- End Curriculum - Submenu -->\r\n                                    <\/li>\r\n                                    <!-- End Curriculum -->\r\n                                      <!-- Tests -->\r\n                                        <li class=\"hs-has-sub-menu navbar-nav-item mr-2\">\r\n                                            <a id=\"testsMegaMenu\" class=\"hs-mega-menu-invoker nav-link \" href=\"javascript:;\"\r\n                                            aria-haspopup=\"true\" aria-expanded=\"false\" aria-labelledby=\"testsSubMenu\">Prepare<i class=\"fas fa-chevron-down ml-1 pb-2\"><\/i><\/a>\r\n                                            <div id=\"pagesSubMenu\" class=\"hs-sub-menu dropdown-menu\" aria-labelledby=\"pagesMegaMenu\"\r\n                                                style=\"min-width: 230px;\">\r\n                                                <div class=\"d-flex\">\r\n                                                    <div>\r\n                                                    <a href=\"\/quantitative-aptitude\" class=\"dropdown-item\">Quantitative Aptitude<\/a>\r\n                                                    <a href=\"\/logical-reasoning\" class=\"dropdown-item\">Logical Reasoning<\/a>\r\n                                                    <a href=\"\/verbal-ability\" class=\"dropdown-item\">Verbal Ability<\/a>\r\n                                                    <a href=\"\/interview-skills\" class=\"dropdown-item\">Interview Skills<\/a>\r\n                                                    <a href=\"\/programming-concepts\" class=\"dropdown-item\">Programming Concepts<\/a>\r\n                                                    <a href=\"\/coding-for-interviews\" class=\"dropdown-item\">Coding for Interviews<\/a>\r\n                                                    <\/div>\r\n                                                    <div >\r\n                                                    <a href=\"\/targettcs\" class=\"dropdown-item\">TCS NQT<\/a>\r\n                                                    <a href=\"\/wipro-national-talent-hunt\" class=\"dropdown-item\">Wipro NTH<\/a>\r\n                                                    <a href=\"\/infytq\" class=\"dropdown-item\">InfyTQ<\/a>\r\n                                                    <a href=\"\/blog\/category\/placement-prep\" class=\"dropdown-item\">Other Companies<\/a>\r\n                                                    <\/div>\r\n                                                <\/div>\r\n                                                <\/div>\r\n                                            \r\n                                        <\/li>\r\n                                        <!-- End tests -->\r\n                                   \r\n                                    <!-- Curriculum -->\r\n                                    <li class=\"hs-has-sub-menu navbar-nav-item mx-3\">\r\n                                        <a id=\"pagesMegaMenu\" class=\"hs-mega-menu-invoker nav-link\"\r\n                                            href=\"#\" aria-haspopup=\"true\" aria-expanded=\"false\"\r\n                                            aria-labelledby=\"pagesSubMenu\">Job Training<i class=\"fas fa-chevron-down ml-1 pb-2\"><\/i><\/a>\r\n\r\n                                        <!-- Curriculum - Submenu -->\r\n                                        <div id=\"testsSubMenu\" class=\"hs-sub-menu dropdown-menu \" aria-labelledby=\"testsMegaMenu\"\r\n                                            style=\"min-width: 230px;\">\r\n                                                <div>\r\n                                                <a href=\"\/fullstack-java\" class=\"dropdown-item\">Fullstack Java with Placement<\/a>\r\n                                                <a href=\"\/curriculum\" class=\"dropdown-item\">Curriculum<\/a>\r\n                                                <a href=\"\/fees\" class=\"dropdown-item\">Fee Structure<\/a>\r\n                                                <\/div>\r\n                                            <\/div>\r\n                                        <!-- End Curriculum - Submenu -->\r\n                                    <\/li>\r\n                                    <!-- End Curriculum -->\r\n\r\n\r\n                                    <!-- Curriculum -->\r\n                                    <li class=\"hs-has-sub-menu navbar-nav-item mx-3\">\r\n                                        <a id=\"pagesMegaMenu\" class=\"hs-mega-menu-invoker nav-link\"\r\n                                            href=\"#\" aria-haspopup=\"true\" aria-expanded=\"false\"\r\n                                            aria-labelledby=\"pagesSubMenu\">Resources<i class=\"fas fa-chevron-down ml-1 pb-2\"><\/i><\/a>\r\n\r\n                                        <!-- Curriculum - Submenu -->\r\n                                        <div id=\"testsSubMenu\" class=\"hs-sub-menu dropdown-menu \" aria-labelledby=\"testsMegaMenu\"\r\n                                            style=\"min-width: 230px;\">\r\n                                                <div>\r\n                                                <a href=\"\/telegram\" class=\"dropdown-item\" target=\"_blank\">Telegram Channel<\/a>\r\n                                                <a href=\"https:\/\/learn.packetprep.com\" class=\"dropdown-item\" target=\"_blank\">Learning Portal<\/a>\r\n                                                <a href=\"\/free-practice-tests\" class=\"dropdown-item\">Free Practice Tests<\/a>\r\n                                                <a href=\"\/firstacademy\" class=\"dropdown-item\">FREE IELTS & GRE Test<\/a>\r\n                                                <\/div>\r\n                                            <\/div>\r\n                                        <!-- End Curriculum - Submenu -->\r\n                                    <\/li>\r\n                                    <!-- End Curriculum -->\r\n\r\n                                    <!-- Placements -->\r\n                                    <li class=\"hs-has-sub-menu navbar-nav-item mx-3\">\r\n                                        <a id=\"blogMegaMenu\" class=\"hs-mega-menu-invoker nav-link \" href=\"\/blog\"\r\n                                            aria-haspopup=\"true\" aria-expanded=\"false\"\r\n                                            aria-labelledby=\"blogSubMenu\">Blog<\/a>\r\n\r\n                                        <!-- FAQ - Submenu -->\r\n                                        <div id=\"blogSubMenu\" class=\"hs-sub-menu \" aria-labelledby=\"blogMegaMenu\"\r\n                                            style=\"min-width: 230px;\">\r\n\r\n                                        <\/div>\r\n                                        <!-- End Submenu -->\r\n                                    <\/li>\r\n                                    <!-- End Placements -->\r\n\r\n                               \r\n\r\n                                    \r\n\r\n                                  \r\n                                <\/ul>\r\n                            <\/div>\r\n                        <\/div>\r\n                        <!-- End Navigation -->\r\n                    <\/div>\r\n                <\/nav>\r\n                <!-- End Nav -->\r\n            <\/div>\r\n        <\/div>\r\n    <\/header>\r\n    <!-- ========== END HEADER ========== -->",
    "html_minified": "<!DOCTYPE html><html lang=\"en\"> <head>  <title>Job Guaranteed Training Program | Java Fullstack | Pay after placement| Hyderabad | Packetprep<\/title>  <meta charset=\"utf-8\" \/> <meta name=\"viewport\" content=\"width=device-width, initial-scale=1, shrink-to-fit=no\" \/><meta name=\"description\" content=\"Excellent training to help you crack a technical job in top MNC where you pay the fee only after placement. \">  <link rel=\"shortcut icon\" href=\"https:\/\/piofx.s3.ap-south-1.amazonaws.com\/themes\/14\/file_logo.jpeg\" \/> <link href=\"https:\/\/unpkg.com\/aos@2.3.1\/dist\/aos.css\" rel=\"stylesheet\" \/>  <link href=\"https:\/\/fonts.googleapis.com\/css?family=Open+Sans:400,600&display=swap\" rel=\"stylesheet\" \/>  <link rel=\"stylesheet\" href=\"\/themes\/front\/vendor\/font-awesome\/css\/all.min.css\" \/> <link rel=\"stylesheet\" href=\"\/themes\/front\/vendor\/hs-mega-menu\/dist\/hs-mega-menu.min.css\" \/> <link rel=\"stylesheet\" href=\"\/themes\/front\/vendor\/slick-carousel\/slick\/slick.css\" \/> <link rel=\"stylesheet\" href=\"\/themes\/front\/vendor\/aos\/dist\/aos.css\" \/>  <link rel=\"stylesheet\" href=\"\/themes\/front\/css\/theme.css\" \/> <link rel=\"stylesheet\" href=\"https:\/\/piofx.s3.ap-south-1.amazonaws.com\/themes\/14\/file_test.css\" \/> <style> html{ overflow-x: hidden; } .small_hero img{ display: none; } @media only screen and (max-width: 768px) { .small_hero img { display: block; box-sizing: border-box; } @media only screen and (max-width: 998px) { .para_line { line-height:28px; } } <\/style> <\/head> <body style=\"overflow-x: hidden;\">  <header id=\"header\" class=\"header center-aligned-navbar header-bg-transparent header-white-nav-links-lg header-abs-top\" style=\"background-color:rgb(35 111 177);\" data-hs-header-options='{ \"fixMoment\": 1000, \"fixEffect\": \"slide\" }'> <div class=\"header-section\"> <div id=\"logoAndNav\" class=\"container\">  <nav class=\"js-mega-menu navbar navbar-expand-lg\"> <div class=\"navbar-nav-wrap\">  <a class=\"navbar-brand navbar-nav-wrap-brand\" href=\"\/\" aria-label=\"Front\"> <img src=\"https:\/\/piofx.s3.ap-south-1.amazonaws.com\/themes\/14\/file_packetPrepLogo.jpeg\" style=\"width: 80px; height: 80px;\" alt=\"Logo\"> <\/a>   <div class=\"navbar-nav-wrap-content text-center\"> <div class=\"mr-3 m-lg-0\"> <a class=\"btn btn-sm btn-light transition-3d-hover\" href=\"\/contact\" > Talk to us <\/a> <\/div> <\/div>   <button type=\"button\" class=\"navbar-toggler navbar-nav-wrap-toggler btn btn-icon btn-sm rounded-circle\" aria-label=\"Toggle navigation\" aria-expanded=\"false\" aria-controls=\"navBar\" data-toggle=\"collapse\" data-target=\"#navBar\"> <span class=\"navbar-toggler-default\"> <svg width=\"14\" height=\"14\" viewBox=\"0 0 18 18\" xmlns=\"http:\/\/www.w3.org\/2000\/svg\"> <path fill=\"currentColor\" d=\"M17.4,6.2H0.6C0.3,6.2,0,5.9,0,5.5V4.1c0-0.4,0.3-0.7,0.6-0.7h16.9c0.3,0,0.6,0.3,0.6,0.7v1.4C18,5.9,17.7,6.2,17.4,6.2z M17.4,14.1H0.6c-0.3,0-0.6-0.3-0.6-0.7V12c0-0.4,0.3-0.7,0.6-0.7h16.9c0.3,0,0.6,0.3,0.6,0.7v1.4C18,13.7,17.7,14.1,17.4,14.1z\" \/> <\/svg> <\/span> <span class=\"navbar-toggler-toggled\"> <svg width=\"14\" height=\"14\" viewBox=\"0 0 18 18\" xmlns=\"http:\/\/www.w3.org\/2000\/svg\"> <path fill=\"currentColor\" d=\"M11.5,9.5l5-5c0.2-0.2,0.2-0.6-0.1-0.9l-1-1c-0.3-0.3-0.7-0.3-0.9-0.1l-5,5l-5-5C4.3,2.3,3.9,2.4,3.6,2.6l-1,1 C2.4,3.9,2.3,4.3,2.5,4.5l5,5l-5,5c-0.2,0.2-0.2,0.6,0.1,0.9l1,1c0.3,0.3,0.7,0.3,0.9,0.1l5-5l5,5c0.2,0.2,0.6,0.2,0.9-0.1l1-1 c0.3-0.3,0.3-0.7,0.1-0.9L11.5,9.5z\" \/> <\/svg> <\/span> <\/button>   <div id=\"navBar\" class=\"collapse navbar-collapse navbar-nav-wrap-collapse\"> <div class=\"navbar-body header-abs-top-inner\"> <ul class=\"navbar-nav\">  <li class=\"hs-has-sub-menu navbar-nav-item mx-3\"> <a id=\"pagesMegaMenu\" class=\"hs-mega-menu-invoker nav-link\" href=\"\/\" aria-haspopup=\"true\" aria-expanded=\"false\" aria-labelledby=\"pagesSubMenu\">Home<\/a>  <div id=\"pagesSubMenu\" class=\"hs-sub-menu \" aria-labelledby=\"pagesMegaMenu\" style=\"min-width: 230px;\"> <\/div>  <\/li>   <li class=\"hs-has-sub-menu navbar-nav-item mr-2\"> <a id=\"testsMegaMenu\" class=\"hs-mega-menu-invoker nav-link \" href=\"javascript:;\" aria-haspopup=\"true\" aria-expanded=\"false\" aria-labelledby=\"testsSubMenu\">Prepare<i class=\"fas fa-chevron-down ml-1 pb-2\"><\/i><\/a> <div id=\"pagesSubMenu\" class=\"hs-sub-menu dropdown-menu\" aria-labelledby=\"pagesMegaMenu\" style=\"min-width: 230px;\"> <div class=\"d-flex\"> <div> <a href=\"\/quantitative-aptitude\" class=\"dropdown-item\">Quantitative Aptitude<\/a> <a href=\"\/logical-reasoning\" class=\"dropdown-item\">Logical Reasoning<\/a> <a href=\"\/verbal-ability\" class=\"dropdown-item\">Verbal Ability<\/a> <a href=\"\/interview-skills\" class=\"dropdown-item\">Interview Skills<\/a> <a href=\"\/programming-concepts\" class=\"dropdown-item\">Programming Concepts<\/a> <a href=\"\/coding-for-interviews\" class=\"dropdown-item\">Coding for Interviews<\/a> <\/div> <div > <a href=\"\/targettcs\" class=\"dropdown-item\">TCS NQT<\/a> <a href=\"\/wipro-national-talent-hunt\" class=\"dropdown-item\">Wipro NTH<\/a> <a href=\"\/infytq\" class=\"dropdown-item\">InfyTQ<\/a> <a href=\"\/blog\/category\/placement-prep\" class=\"dropdown-item\">Other Companies<\/a> <\/div> <\/div> <\/div> <\/li>   <li class=\"hs-has-sub-menu navbar-nav-item mx-3\"> <a id=\"pagesMegaMenu\" class=\"hs-mega-menu-invoker nav-link\" href=\"#\" aria-haspopup=\"true\" aria-expanded=\"false\" aria-labelledby=\"pagesSubMenu\">Job Training<i class=\"fas fa-chevron-down ml-1 pb-2\"><\/i><\/a>  <div id=\"testsSubMenu\" class=\"hs-sub-menu dropdown-menu \" aria-labelledby=\"testsMegaMenu\" style=\"min-width: 230px;\"> <div> <a href=\"\/fullstack-java\" class=\"dropdown-item\">Fullstack Java with Placement<\/a> <a href=\"\/curriculum\" class=\"dropdown-item\">Curriculum<\/a> <a href=\"\/fees\" class=\"dropdown-item\">Fee Structure<\/a> <\/div> <\/div>  <\/li>   <li class=\"hs-has-sub-menu navbar-nav-item mx-3\"> <a id=\"pagesMegaMenu\" class=\"hs-mega-menu-invoker nav-link\" href=\"#\" aria-haspopup=\"true\" aria-expanded=\"false\" aria-labelledby=\"pagesSubMenu\">Resources<i class=\"fas fa-chevron-down ml-1 pb-2\"><\/i><\/a>  <div id=\"testsSubMenu\" class=\"hs-sub-menu dropdown-menu \" aria-labelledby=\"testsMegaMenu\" style=\"min-width: 230px;\"> <div> <a href=\"\/telegram\" class=\"dropdown-item\" target=\"_blank\">Telegram Channel<\/a> <a href=\"https:\/\/learn.packetprep.com\" class=\"dropdown-item\" target=\"_blank\">Learning Portal<\/a> <a href=\"\/free-practice-tests\" class=\"dropdown-item\">Free Practice Tests<\/a> <a href=\"\/firstacademy\" class=\"dropdown-item\">FREE IELTS & GRE Test<\/a> <\/div> <\/div>  <\/li>   <li class=\"hs-has-sub-menu navbar-nav-item mx-3\"> <a id=\"blogMegaMenu\" class=\"hs-mega-menu-invoker nav-link \" href=\"\/blog\" aria-haspopup=\"true\" aria-expanded=\"false\" aria-labelledby=\"blogSubMenu\">Blog<\/a>  <div id=\"blogSubMenu\" class=\"hs-sub-menu \" aria-labelledby=\"blogMegaMenu\" style=\"min-width: 230px;\"> <\/div>  <\/li>  <\/ul> <\/div> <\/div>  <\/div> <\/nav>  <\/div> <\/div> <\/header> ",
    "settings": null,
    "admin": 1,
    "client_id": 12,
    "agency_id": 1,
    "theme_id": 14,
    "user_id": 43,
    "status": 1,
    "created_at": "2021-03-02T15:53:15.000000Z",
    "updated_at": "2021-10-13T08:21:15.000000Z"
}