{
    "id": 88,
    "name": "Hero Course",
    "slug": "hero-course",
    "html": "<!-- Hero Section -->\r\n<div class=\"space-2 space-md-2 space-lg-3 bg-soft-secondary\">\r\n  <div class=\" container d-lg-flex align-items-lg-center space-top-2 space-lg-0 \">\r\n    <!-- Content -->\r\n    <div class=\"w-md-100\">\r\n      <div class=\"row\">\r\n        <div class=\"col-lg-5\">\r\n          <div class=\"mb-5 mt-5 mt-md-11 px-2 px-md-0\">\r\n            <h1 class=\"display-4 mb-3\">{{$heading}}<\/h1>\r\n            <p class=\"lead\">{{$description}}<\/p>\r\n            <a href=\"#\" class=\"btn btn-danger trytestpp px-4 mt-4\" data-container=\"{{$testslug}}\" data-toggle=\"modal\" data-target=\"#test-modal\">Try a Free Test<\/a>\r\n          <\/div>\r\n\r\n        <\/div>\r\n      <\/div>\r\n    <\/div>\r\n    <!-- End Content -->\r\n\r\n    <!-- SVG Shape -->\r\n    <figure class=\"col-lg-7 col-xl-6 d-none d-lg-block position-absolute top-0 right-0 pr-0 ie-main-hero\" style=\"\">\r\n      <svg xmlns=\"http:\/\/www.w3.org\/2000\/svg\" x=\"0px\" y=\"0px\" viewBox=\"0 0 1137.5 979.2\">\r\n        <path fill=\"#F9FBFF\" d=\"M565.5,957.4c81.1-7.4,155.5-49.3,202.4-115.7C840,739.8,857,570,510.7,348.3C-35.5-1.5-4.2,340.3,2.7,389\r\n          c0.7,4.7,1.2,9.5,1.7,14.2l29.3,321c14,154.2,150.6,267.8,304.9,253.8L565.5,957.4z\"\/>\r\n        <defs>\r\n          <path id=\"mainHeroSVG1\" d=\"M1137.5,0H450.4l-278,279.7C22.4,430.6,24.3,675,176.8,823.5l0,0C316.9,960,537.7,968.7,688.2,843.6l449.3-373.4V0z\"\/>\r\n        <\/defs>\r\n        <clipPath id=\"mainHeroSVG2\">\r\n          <use xlink:href=\"#mainHeroSVG1\"\/>\r\n        <\/clipPath>\r\n        <g transform=\"matrix(1 0 0 1 0 0)\" clip-path=\"url(#mainHeroSVG2)\">\r\n          <image width=\"850\" height=\"750\" xlink:href=\"{{$image}}\" transform=\"matrix(1.4462 0 0 1.4448 52.8755 0)\"><\/image>\r\n        <\/g>\r\n      <\/svg>\r\n    <\/figure>\r\n    <!-- End SVG Shape -->\r\n  <\/div>\r\n<\/div>\r\n<!-- End Hero Section -->\r\n   \r\n\r\n    <!--- Test Modal -->\r\n<div id=\"test-modal\" class=\"modal fade bd-example-modal-lg\" tabindex=\"-1\" role=\"dialog\" aria-labelledby=\"myLargeModalLabel\"\r\n    aria-hidden=\"true\">\r\n    <div class=\"modal-dialog modal-lg\">\r\n        <div class=\"modal-content bg-light p-3\">\r\n            <div class=\"modal-header p-0\">\r\n                <button type=\"button\" class=\"close\" style=\"position: absolute;top: 1%; right:2%;z-index:2000\" data-dismiss=\"modal\" aria-label=\"Close\">\r\n                    <span aria-hidden=\"true\">&times;<\/span>\r\n                <\/button>\r\n            <\/div>\r\n            <div class=\"test_container\">Loading...<\/div>\r\n        <\/div>\r\n    <\/div>\r\n<\/div>\r\n<!--- End Test Modal -->",
    "html_minified": "<div class=\"space-2 space-md-2 space-lg-3 bg-soft-secondary\"> <div class=\" container d-lg-flex align-items-lg-center space-top-2 space-lg-0 \">  <div class=\"w-md-100\"> <div class=\"row\"> <div class=\"col-lg-5\"> <div class=\"mb-5 mt-5 mt-md-11 px-2 px-md-0\"> <h1 class=\"display-4 mb-3\"><\/h1> <p class=\"lead\"><\/p> <a href=\"#\" class=\"btn btn-danger trytestpp px-4 mt-4\" data-container=\"96358\" data-toggle=\"modal\" data-target=\"#test-modal\">Try a Free Test<\/a> <\/div> <\/div> <\/div> <\/div>   <figure class=\"col-lg-7 col-xl-6 d-none d-lg-block position-absolute top-0 right-0 pr-0 ie-main-hero\" style=\"\"> <svg xmlns=\"http:\/\/www.w3.org\/2000\/svg\" x=\"0px\" y=\"0px\" viewBox=\"0 0 1137.5 979.2\"> <path fill=\"#F9FBFF\" d=\"M565.5,957.4c81.1-7.4,155.5-49.3,202.4-115.7C840,739.8,857,570,510.7,348.3C-35.5-1.5-4.2,340.3,2.7,389 c0.7,4.7,1.2,9.5,1.7,14.2l29.3,321c14,154.2,150.6,267.8,304.9,253.8L565.5,957.4z\"\/> <defs> <path id=\"mainHeroSVG1\" d=\"M1137.5,0H450.4l-278,279.7C22.4,430.6,24.3,675,176.8,823.5l0,0C316.9,960,537.7,968.7,688.2,843.6l449.3-373.4V0z\"\/> <\/defs> <clipPath id=\"mainHeroSVG2\"> <use xlink:href=\"#mainHeroSVG1\"\/> <\/clipPath> <g transform=\"matrix(1 0 0 1 0 0)\" clip-path=\"url(#mainHeroSVG2)\"> <image width=\"850\" height=\"750\" xlink:href=\"\" transform=\"matrix(1.4462 0 0 1.4448 52.8755 0)\"><\/image> <\/g> <\/svg> <\/figure>  <\/div><\/div> <div id=\"test-modal\" class=\"modal fade bd-example-modal-lg\" tabindex=\"-1\" role=\"dialog\" aria-labelledby=\"myLargeModalLabel\" aria-hidden=\"true\"> <div class=\"modal-dialog modal-lg\"> <div class=\"modal-content bg-light p-3\"> <div class=\"modal-header p-0\"> <button type=\"button\" class=\"close\" style=\"position: absolute;top: 1%; right:2%;z-index:2000\" data-dismiss=\"modal\" aria-label=\"Close\"> <span aria-hidden=\"true\">&times;<\/span> <\/button> <\/div> <div class=\"test_container\">Loading...<\/div> <\/div> <\/div><\/div>",
    "settings": "{\r\n    \"testslug\":\"96358\"\r\n}",
    "admin": 1,
    "client_id": 12,
    "agency_id": 1,
    "theme_id": 14,
    "user_id": 43,
    "status": 1,
    "created_at": "2021-09-28T10:16:22.000000Z",
    "updated_at": "2021-10-12T16:04:51.000000Z"
}