{
    "id": 35,
    "name": "form",
    "slug": "form",
    "html": "{{@header}}\r\n\r\n<div class=\"p-5 m-5\">\r\n<div class=\"alert_block mt-5 pt-5\" style=\"display:none\">\r\n<div class=\"alert alert-primary alert-dismissible fade show \"  role=\"alert\">\r\n      <div class=\"alert_message\">sample new<\/div>\r\n      <button type=\"button\" class=\"close\" data-dismiss=\"alert\" aria-label=\"Close\">\r\n        <span aria-hidden=\"true\">&times;<\/span>\r\n      <\/button>\r\n    <\/div>\r\n<\/div>\r\n<div class=\"contact_block\">\r\n    <form id=\"contact_form\" class=\"mt-5 pt-5\" method=\"post\"  data-api=\"1\" action=\"https:\/\/piofx.test\/admin\/contact\" enctype=\"multipart\/form-data\">\r\n \r\n    \r\n\r\n\r\n\t<!--begin::basic card-->\r\n  <div class=\"card\">\r\n    <div class=\"card-body\">\r\n      <div class=\"row\">\r\n        <div class=\"col-12 col-md-4\">\r\n          <div class=\"js-form-message form-group mb-4\">\r\n            <label for=\"inputName\" class=\"input-label\">Name<\/label>\r\n            <input type=\"text\" class=\"form-control\" name=\"name\" id=\"inputName\" placeholder=\"Enter your name\" required\r\n            data-msg=\"Please enter your name.\" value=\"\">\r\n          <\/div>\r\n        <\/div>\r\n        <div class=\"col-12 col-md-4\">\r\n          <div class=\"js-form-message form-group mb-4\">\r\n            <label for=\"emailAddressExample2\" class=\"input-label\">Phone<\/label>\r\n            <input type=\"text\" class=\"form-control\" name=\"phone\" id=\"phoneExample3\"  placeholder=\"Your phone\" required\r\n            data-msg=\"Please enter a valid phone number.\" value=\"\">\r\n          <\/div>\r\n        <\/div>\r\n        <div class=\"col-12 col-md-4\">\r\n           <div class=\"js-form-message form-group mb-4\">\r\n              <label for=\"emailAddressExample2\" class=\"input-label\">Email address<\/label>\r\n              <input type=\"email\" class=\"form-control\" name=\"email\" id=\"emailAddressExample2\" placeholder=\"Your email id\" aria-label=\"alexhecker@pixeel.com\" required\r\n              data-msg=\"Please enter a valid email address.\" value=\"\">\r\n            <\/div>\r\n\r\n        <\/div>\r\n\r\n        <div class=\"js-form-message form-group mb-4\">\r\n            <label for=\"descriptionTextarea\" class=\"input-label\">Message<\/label>\r\n            <textarea class=\"form-control\" rows=\"3\" name=\"message\" id=\"descriptionTextarea\" placeholder=\"Hi there, I would like to ...\" required data-msg=\"Please enter your message.\"><\/textarea>\r\n          <\/div>\r\n    \r\n    <input type=\"hidden\" name=\"agency_id\" value=\"1\">\r\n    <input type=\"hidden\" name=\"client_id\" value=\"12\">\r\n    <input type=\"hidden\" name=\"category\" value=\"new\">\r\n      <\/div>\r\n\r\n      <div class=\"card-footer bg-gray-100 border-top-0  p-4\">\r\n      <div class=\"row align-items-center\">\r\n       <div class=\"col text-left\">\r\n        <button type=\"submit\" class=\"btn btn-primary font-weight-bold mr-2\">Submit<\/button>\r\n        <\/div>\r\n      <\/div>\r\n      <\/div>\r\n    <\/div>\r\n    <\/div>\r\n<\/form>\r\n<\/div>\r\n<\/div>\r\n{{@footer}}",
    "html_minified": "<!DOCTYPE html><html lang=\"en\"> <head>  <title>Job Guaranteed Training Program | Java Fullstack | Pay after placement| Hyderabad | Packetprep<\/title>  <meta charset=\"utf-8\" \/> <meta name=\"viewport\" content=\"width=device-width, initial-scale=1, shrink-to-fit=no\" \/><meta name=\"description\" content=\"Excellent training to help you crack a technical job in top MNC where you pay the fee only after placement. \">  <link rel=\"shortcut icon\" href=\"https:\/\/piofx.s3.ap-south-1.amazonaws.com\/themes\/14\/file_logo.jpeg\" \/> <link href=\"https:\/\/unpkg.com\/aos@2.3.1\/dist\/aos.css\" rel=\"stylesheet\" \/>  <link href=\"https:\/\/fonts.googleapis.com\/css?family=Open+Sans:400,600&display=swap\" rel=\"stylesheet\" \/>  <link rel=\"stylesheet\" href=\"https:\/\/piofx.s3.ap-south-1.amazonaws.com\/themes\/front\/vendor\/font-awesome\/css\/all.min.css\" \/> <link rel=\"stylesheet\" href=\"https:\/\/piofx.s3.ap-south-1.amazonaws.com\/themes\/front\/vendor\/hs-mega-menu\/dist\/hs-mega-menu.min.css\" \/> <link rel=\"stylesheet\" href=\"https:\/\/piofx.s3.ap-south-1.amazonaws.com\/themes\/front\/vendor\/slick-carousel\/slick\/slick.css\" \/> <link rel=\"stylesheet\" href=\"https:\/\/piofx.s3.ap-south-1.amazonaws.com\/themes\/front\/vendor\/aos\/dist\/aos.css\" \/>  <link rel=\"stylesheet\" href=\"https:\/\/piofx.s3.ap-south-1.amazonaws.com\/themes\/front\/css\/theme.css\" \/> <style> html{ overflow-x: hidden; } .small_hero img{ display: none; } @media only screen and (max-width: 768px) { .small_hero img { display: block; box-sizing: border-box; } @media only screen and (max-width: 998px) { .para_line { line-height:28px; } } <\/style> <\/head> <body style=\"overflow-x: hidden;\">  <header id=\"header\" class=\"header center-aligned-navbar header-bg-transparent header-white-nav-links-lg header-abs-top\" style=\"background-color:rgb(35 111 177);\" data-hs-header-options='{ \"fixMoment\": 1000, \"fixEffect\": \"slide\" }'> <div class=\"header-section\"> <div id=\"logoAndNav\" class=\"container\">  <nav class=\"js-mega-menu navbar navbar-expand-lg\"> <div class=\"navbar-nav-wrap\">  <a class=\"navbar-brand navbar-nav-wrap-brand\" href=\"\/\" aria-label=\"Front\"> <img src=\"https:\/\/piofx.s3.ap-south-1.amazonaws.com\/themes\/14\/file_packetPrepLogo.jpeg\" style=\"width: 80px; height: 80px;\" alt=\"Logo\"> <\/a>   <div class=\"navbar-nav-wrap-content text-center\"> <div class=\"mr-3 m-lg-0\"> <a class=\"btn btn-sm btn-light transition-3d-hover\" href=\"\/contact\" > Apply Now <\/a> <\/div> <\/div>   <button type=\"button\" class=\"navbar-toggler navbar-nav-wrap-toggler btn btn-icon btn-sm rounded-circle\" aria-label=\"Toggle navigation\" aria-expanded=\"false\" aria-controls=\"navBar\" data-toggle=\"collapse\" data-target=\"#navBar\"> <span class=\"navbar-toggler-default\"> <svg width=\"14\" height=\"14\" viewBox=\"0 0 18 18\" xmlns=\"http:\/\/www.w3.org\/2000\/svg\"> <path fill=\"currentColor\" d=\"M17.4,6.2H0.6C0.3,6.2,0,5.9,0,5.5V4.1c0-0.4,0.3-0.7,0.6-0.7h16.9c0.3,0,0.6,0.3,0.6,0.7v1.4C18,5.9,17.7,6.2,17.4,6.2z M17.4,14.1H0.6c-0.3,0-0.6-0.3-0.6-0.7V12c0-0.4,0.3-0.7,0.6-0.7h16.9c0.3,0,0.6,0.3,0.6,0.7v1.4C18,13.7,17.7,14.1,17.4,14.1z\" \/> <\/svg> <\/span> <span class=\"navbar-toggler-toggled\"> <svg width=\"14\" height=\"14\" viewBox=\"0 0 18 18\" xmlns=\"http:\/\/www.w3.org\/2000\/svg\"> <path fill=\"currentColor\" d=\"M11.5,9.5l5-5c0.2-0.2,0.2-0.6-0.1-0.9l-1-1c-0.3-0.3-0.7-0.3-0.9-0.1l-5,5l-5-5C4.3,2.3,3.9,2.4,3.6,2.6l-1,1 C2.4,3.9,2.3,4.3,2.5,4.5l5,5l-5,5c-0.2,0.2-0.2,0.6,0.1,0.9l1,1c0.3,0.3,0.7,0.3,0.9,0.1l5-5l5,5c0.2,0.2,0.6,0.2,0.9-0.1l1-1 c0.3-0.3,0.3-0.7,0.1-0.9L11.5,9.5z\" \/> <\/svg> <\/span> <\/button>   <div id=\"navBar\" class=\"collapse navbar-collapse navbar-nav-wrap-collapse\"> <div class=\"navbar-body header-abs-top-inner\"> <ul class=\"navbar-nav\">  <li class=\"hs-has-mega-menu navbar-nav-item mx-3\"> <a id=\"homeMegaMenu\" class=\"hs-mega-menu-invoker nav-link \" href=\"\/\" aria-haspopup=\"true\" aria-expanded=\"false\">Home<\/a>  <div class=\"hs-mega-menu\" aria-labelledby=\"homeMegaMenu\"> <\/div>  <\/li>   <li class=\"hs-has-sub-menu navbar-nav-item mx-3\"> <a id=\"pagesMegaMenu\" class=\"hs-mega-menu-invoker nav-link\" href=\"\/curriculum\" aria-haspopup=\"true\" aria-expanded=\"false\" aria-labelledby=\"pagesSubMenu\">Curriculum<\/a>  <div id=\"pagesSubMenu\" class=\"hs-sub-menu \" aria-labelledby=\"pagesMegaMenu\" style=\"min-width: 230px;\"> <\/div>  <\/li>   <li class=\"hs-has-sub-menu navbar-nav-item mx-3\"> <a id=\"blogMegaMenu\" class=\"hs-mega-menu-invoker nav-link \" href=\"\/faq\" aria-haspopup=\"true\" aria-expanded=\"false\" aria-labelledby=\"blogSubMenu\">FAQ<\/a>  <div id=\"blogSubMenu\" class=\"hs-sub-menu \" aria-labelledby=\"blogMegaMenu\" style=\"min-width: 230px;\"> <\/div>  <\/li>   <li class=\"hs-has-mega-menu navbar-nav-item mx-3\" data-hs-mega-menu-item-options='{ \"desktop\": { \"position\": \"right\", \"maxWidth\": \"440px\" } }'> <a id=\"shopMegaMenu\" class=\"hs-mega-menu-invoker nav-link\" href=\"\/scholarship\" aria-haspopup=\"true\" aria-expanded=\"false\">Scholarship<\/a>  <div class=\"hs-mega-menu \" aria-labelledby=\"shopMegaMenu\"> <\/div>  <\/li>   <li class=\"hs-has-mega-menu navbar-nav-item mx-3 \" data-hs-mega-menu-item-options='{ \"desktop\": { \"position\": \"right\", \"maxWidth\": \"260px\" } }'> <a id=\"docsMegaMenu\" class=\"hs-mega-menu-invoker nav-link\" href=\"\/fees\" aria-haspopup=\"true\" aria-expanded=\"false\">Fees<\/a>  <div class=\"hs-mega-menu \" aria-labelledby=\"docsMegaMenu\" style=\"min-width: 330px;\"> <\/div>  <\/li>  <\/ul> <\/div> <\/div>  <\/div> <\/nav>  <\/div> <\/div> <\/header> <div class=\"p-5 m-5\"><div class=\"alert_block mt-5 pt-5\" style=\"display:none\"><div class=\"alert alert-primary alert-dismissible fade show \" role=\"alert\"> <div class=\"alert_message\">sample new<\/div> <button type=\"button\" class=\"close\" data-dismiss=\"alert\" aria-label=\"Close\"> <span aria-hidden=\"true\">&times;<\/span> <\/button> <\/div><\/div><div class=\"contact_block\"> <form id=\"contact_form\" class=\"mt-5 pt-5\" method=\"post\" data-api=\"1\" action=\"https:\/\/piofx.test\/admin\/contact\" enctype=\"multipart\/form-data\">  <div class=\"card\"> <div class=\"card-body\"> <div class=\"row\"> <div class=\"col-12 col-md-4\"> <div class=\"js-form-message form-group mb-4\"> <label for=\"inputName\" class=\"input-label\">Name<\/label> <input type=\"text\" class=\"form-control\" name=\"name\" id=\"inputName\" placeholder=\"Enter your name\" required data-msg=\"Please enter your name.\" value=\"\"> <\/div> <\/div> <div class=\"col-12 col-md-4\"> <div class=\"js-form-message form-group mb-4\"> <label for=\"emailAddressExample2\" class=\"input-label\">Phone<\/label> <input type=\"text\" class=\"form-control\" name=\"phone\" id=\"phoneExample3\" placeholder=\"Your phone\" required data-msg=\"Please enter a valid phone number.\" value=\"\"> <\/div> <\/div> <div class=\"col-12 col-md-4\"> <div class=\"js-form-message form-group mb-4\"> <label for=\"emailAddressExample2\" class=\"input-label\">Email address<\/label> <input type=\"email\" class=\"form-control\" name=\"email\" id=\"emailAddressExample2\" placeholder=\"Your email id\" aria-label=\"alexhecker@pixeel.com\" required data-msg=\"Please enter a valid email address.\" value=\"\"> <\/div> <\/div> <div class=\"js-form-message form-group mb-4\"> <label for=\"descriptionTextarea\" class=\"input-label\">Message<\/label> <textarea class=\"form-control\" rows=\"3\" name=\"message\" id=\"descriptionTextarea\" placeholder=\"Hi there, I would like to ...\" required data-msg=\"Please enter your message.\"><\/textarea> <\/div> <input type=\"hidden\" name=\"agency_id\" value=\"1\"> <input type=\"hidden\" name=\"client_id\" value=\"12\"> <input type=\"hidden\" name=\"category\" value=\"new\"> <\/div> <div class=\"card-footer bg-gray-100 border-top-0 p-4\"> <div class=\"row align-items-center\"> <div class=\"col text-left\"> <button type=\"submit\" class=\"btn btn-primary font-weight-bold mr-2\">Submit<\/button> <\/div> <\/div> <\/div> <\/div> <\/div><\/form><\/div><\/div> <footer class=\"container-fluid pt-5 pb-3 space-top-lg-1 bg-soft-primary\">  <div class=\"row mb-5\"> <div class=\"col-lg-4 ml-lg-auto mb-5 mb-lg-0\">  <div class=\"mb-4\"> <a href=\"\/\" aria-label=\"Front\"> <img class=\"brand\" src=\"https:\/\/piofx.s3.ap-south-1.amazonaws.com\/themes\/14\/file_packetPrepLogo.jpeg\" alt=\"Logo\" \/> <\/a> <\/div>   <ul class=\"nav nav-sm nav-x-0 nav-white flex-column\"> <li class=\"nav-item\"> <a class=\"nav-link media\" href=\"#\"> <span class=\"media\"> <span class=\"fas fa-location-arrow mt-1 mr-2 text-dark\" ><\/span> <span class=\"media-body text-dark\"> Packet Prep, 2nd floor, Oyester Uptown, Above Yum Yum Tree Restaurant, Beside Durgam Cheruvu Metro Station, Madhapur, Hyderabad-500081. <\/span> <\/span> <\/a> <\/li> <li class=\"nav-item\"> <a class=\"nav-link media\" href=\"tel:91-9000045750\"> <span class=\"media\"> <span class=\"fas fa-phone-alt mt-1 mr-2 text-dark\"><\/span> <span class=\"media-body text-dark\"> +91 90000 45750 <\/span> <\/span> <\/a> <\/li> <li class=\"nav-item\"> <a class=\"nav-link media\" href=\"tel:91-9959045750\"> <span class=\"media\"> <span class=\"fas fa-phone-alt mt-1 mr-2 text-dark\"><\/span> <span class=\"media-body text-dark\"> +91 99590 45750 <\/span> <\/span> <\/a> <\/li> <\/ul>  <\/div> <div class=\"col-6 col-md-6 col-lg-3 mb-3 mb-sm-0 pl-md-8\">  <ul class=\"nav nav-sm nav-x-0 flex-column\"> <li class=\"nav-item\"> <a class=\"nav-link\" href=\"\/testimonial\">Testimonials<\/a> <\/li> <li class=\"nav-item\"> <a class=\"nav-link\" href=\"\/curriculum\">Curriculum<\/a> <\/li> <li class=\"nav-item\"> <a class=\"nav-link\" href=\"\/faq\">FAQ <\/a> <\/li> <li class=\"nav-item\"> <a class=\"nav-link\" href=\"\/scholarship\" >Scholarship<\/a > <\/li> <li class=\"nav-item\"> <a class=\"nav-link\" href=\"\/fees\">Fees<\/a> <\/li> <\/ul>  <\/div> <div class=\"col-6 col-md-6 col-lg-3 mb-3 mb-sm-0\">  <ul class=\"nav nav-sm nav-x-0 flex-column\"> <li class=\"nav-item\"> <a class=\"nav-link\" href=\"https:\/\/www.facebook.com\/packetprep\" target=\"_blank\" ><i class=\"fab fa-facebook-square fa-2x\"><\/i ><\/a> <\/li> <li class=\"nav-item\"> <a class=\"nav-link\" href=\"https:\/\/www.instagram.com\/packetprep\/\" target=\"_blank\" ><i class=\"fab fa-instagram fa-2x\"><\/i ><\/a> <\/li> <li class=\"nav-item\"> <a class=\"nav-link\" href=\"https:\/\/mobile.twitter.com\/PacketPrep\" target=\"_blank\" ><i class=\"fab fa-twitter-square fa-2x\"><\/i ><\/a> <\/li> <li class=\"nav-item\"> <a class=\"nav-link\" href=\"https:\/\/www.linkedin.com\/company\/packet-prep\/\" target=\"_blank\" ><i class=\"fab fa-linkedin fa-2x\"><\/i ><\/a> <\/li> <\/ul>  <\/div> <\/div>   <div class=\"row align-items-sm-center mx-5\"> <div class=\"col-sm-12 mb-4 mb-sm-0\"> <p class=\"medium mb-0 text-center\"> &copy; packetprep 2021. All rights reserved. <\/p> <\/div> <\/div>  <\/footer>   <a class=\"js-go-to go-to position-fixed\" href=\"javascript:;\" style=\"visibility: hidden\" data-hs-go-to-options='{ \"offsetTop\": 700, \"position\": { \"init\": { \"right\": 15 }, \"show\": { \"bottom\": 15 }, \"hide\": { \"bottom\": -15 } } }' > <i class=\"fas fa-angle-up\"><\/i> <\/a>   <script src=\"https:\/\/piofx.s3.ap-south-1.amazonaws.com\/themes\/front\/vendor\/jquery\/dist\/jquery.min.js\"><\/script> <script src=\"https:\/\/piofx.s3.ap-south-1.amazonaws.com\/themes\/front\/vendor\/jquery-migrate\/dist\/jquery-migrate.min.js\"><\/script> <script src=\"https:\/\/piofx.s3.ap-south-1.amazonaws.com\/themes\/front\/vendor\/bootstrap\/dist\/js\/bootstrap.bundle.min.js\"><\/script>  <script src=\"https:\/\/piofx.s3.ap-south-1.amazonaws.com\/themes\/front\/vendor\/hs-header\/dist\/hs-header.min.js\"><\/script> <script src=\"https:\/\/piofx.s3.ap-south-1.amazonaws.com\/themes\/front\/vendor\/hs-go-to\/dist\/hs-go-to.min.js\"><\/script> <script src=\"https:\/\/piofx.s3.ap-south-1.amazonaws.com\/themes\/front\/vendor\/hs-unfold\/dist\/hs-unfold.min.js\"><\/script> <script src=\"https:\/\/piofx.s3.ap-south-1.amazonaws.com\/themes\/front\/vendor\/hs-mega-menu\/dist\/hs-mega-menu.min.js\"><\/script> <script src=\"https:\/\/piofx.s3.ap-south-1.amazonaws.com\/themes\/front\/vendor\/slick-carousel\/slick\/slick.js\"><\/script> <script src=\"https:\/\/piofx.s3.ap-south-1.amazonaws.com\/themes\/front\/vendor\/jquery-validation\/dist\/jquery.validate.min.js\"><\/script> <script src=\"https:\/\/piofx.s3.ap-south-1.amazonaws.com\/themes\/front\/vendor\/aos\/dist\/aos.js\"><\/script>  <script src=\"https:\/\/piofx.s3.ap-south-1.amazonaws.com\/themes\/front\/js\/hs.core.js\"><\/script> <script src=\"https:\/\/piofx.s3.ap-south-1.amazonaws.com\/themes\/front\/js\/hs.slick-carousel.js\"><\/script> <script src=\"https:\/\/piofx.s3.ap-south-1.amazonaws.com\/themes\/front\/js\/hs.validation.js\"><\/script> <script src=\"https:\/\/unpkg.com\/aos@2.3.1\/dist\/aos.js\"><\/script> <script src=\"\/js\/contact.js\"><\/script> <script src=\"\/js\/test.js\"><\/script> <script> AOS.init(); <\/script>  <script> $(document).on(\"ready\", function () { var header = new HSHeader($(\"#header\")).init(); var megaMenu = new HSMegaMenu($(\".js-mega-menu\"), { desktop: { position: \"left\", }, }).init(); var unfold = new HSUnfold(\".js-hs-unfold-invoker\").init(); $(\".js-slick-carousel\").each(function () { var slickCarousel = $.HSCore.components.HSSlickCarousel.init($(this)); }); $(\".js-validate\").each(function () { var validation = $.HSCore.components.HSValidation.init($(this)); }); AOS.init({ duration: 650, once: true, }); $(\".js-go-to\").each(function () { var goTo = new HSGoTo($(this)).init(); }); }); <\/script> <\/body><\/html>",
    "settings": null,
    "admin": 1,
    "client_id": 12,
    "theme_id": 14,
    "agency_id": 1,
    "user_id": 43,
    "status": 1,
    "created_at": "2021-04-13T06:16:52.000000Z",
    "updated_at": "2021-05-05T08:30:34.000000Z"
}