{
    "id": 253,
    "name": "Refund and Cancellation",
    "slug": "refund",
    "html": "{{@header}}\r\n<main class=\"space-top-2\">\r\n  <div class=\"mt-6\">\r\n    <div class=\"container py-3 py-md-4\">\r\n      <div class=\"bg-light\">\r\n        <div class=\"card-body p-3 p-md-5\">\r\n\r\n<h1>Refund\/Returns Policy<\/h1>\r\n\r\n<p>\r\n\r\n- Organizations: Please refer to the service agreement signed between your organization and Quedb Edtech. \r\n<\/p>\r\n<p>\r\n- Individuals:<b> No refunds are provided<\/b>. Please read the details of the product\/service that you are signing up for and pay accordingly. If you have any queries or support on the usage of the product, you can contact our call centre at +91 90000 45750.\r\n<\/p>\r\n\r\n<h3>Cancellation Policy:<\/h3>\r\n\r\n<p>- Organizations: Cancellation of services and related activities will be implied as per the agreement signed between your organization and Xplore<\/p>\r\n\r\n<p>- Individuals: You can cancel your membership and delete you account any time. However, No refunds are provided. Please read the details of the product\/service that you are signing up for and pay accordingly. If you have any queries or support on the usage of the product, you can contact our call centre at +91 90000 45750. <\/p>\r\n\r\n<h3>Membership Policy:<\/h3>\r\n\r\n<p>Your Membership is non-transferable. You must not share your username and password with anyone else or allow anyone else to access the Site using your username and password.<\/p>\r\n\r\n<p>You are responsible for every use of the Site that occurs in conjunction with use of your username and password. You must use reasonable efforts to keep your username and password confidential. You must notify us as soon as you become aware of any unauthorised use of your membership, username or password.\r\n<\/p>\r\n<p>\r\nPremium Membership is based on periodic subscription fees which are detailed on the Site\u2019s product and offering pages. Your premium membership, or access to Content and areas of the Site, will be suspended or cancelled if we do not receive the fees for your subscription type.<\/p>\r\n\r\n<p>\r\n\r\nIn case your institution sponsors for your premium membership, you will be entitled to receive the subscription benefits as per the agreement with your institution. Upon expiry of the agreement, your premium benefits will expire and you will retain the normal membership. You will have an option to purchase any existing membership plans if you wish to.\r\n<\/p>\r\n\r\n      <\/div>\r\n    <\/div>\r\n  <\/div>\r\n\r\n\r\n  <\/div>\r\n<\/main>\r\n\r\n{{@footer}}",
    "html_minified": "<!DOCTYPE html><html lang=\"en\"> <head>  <title>Job Guaranteed Training Program | Java Fullstack | Pay after placement| Hyderabad | Packetprep<\/title>  <meta charset=\"utf-8\" \/> <meta name=\"viewport\" content=\"width=device-width, initial-scale=1, shrink-to-fit=no\" \/><meta name=\"description\" content=\"Excellent training to help you crack a technical job in top MNC where you pay the fee only after placement. \">  <link rel=\"shortcut icon\" href=\"https:\/\/piofx.s3.ap-south-1.amazonaws.com\/themes\/14\/file_logo.jpeg\" \/> <link href=\"https:\/\/unpkg.com\/aos@2.3.1\/dist\/aos.css\" rel=\"stylesheet\" \/>  <link href=\"https:\/\/fonts.googleapis.com\/css?family=Open+Sans:400,600&display=swap\" rel=\"stylesheet\" \/>  <link rel=\"stylesheet\" href=\"\/themes\/front\/vendor\/font-awesome\/css\/all.min.css\" \/> <link rel=\"stylesheet\" href=\"\/themes\/front\/vendor\/hs-mega-menu\/dist\/hs-mega-menu.min.css\" \/> <link rel=\"stylesheet\" href=\"\/themes\/front\/vendor\/slick-carousel\/slick\/slick.css\" \/> <link rel=\"stylesheet\" href=\"\/themes\/front\/vendor\/aos\/dist\/aos.css\" \/>  <link rel=\"stylesheet\" href=\"\/themes\/front\/css\/theme.css\" \/> <link rel=\"stylesheet\" href=\"https:\/\/piofx.s3.ap-south-1.amazonaws.com\/themes\/14\/file_test.css\" \/> <style> html{ overflow-x: hidden; } .small_hero img{ display: none; } @media only screen and (max-width: 768px) { .small_hero img { display: block; box-sizing: border-box; } @media only screen and (max-width: 998px) { .para_line { line-height:28px; } } <\/style> <\/head> <body style=\"overflow-x: hidden;\">  <header id=\"header\" class=\"header center-aligned-navbar header-bg-transparent header-white-nav-links-lg header-abs-top\" style=\"background-color:rgb(35 111 177);\" data-hs-header-options='{ \"fixMoment\": 1000, \"fixEffect\": \"slide\" }'> <div class=\"header-section\"> <div id=\"logoAndNav\" class=\"container\">  <nav class=\"js-mega-menu navbar navbar-expand-lg\"> <div class=\"navbar-nav-wrap\">  <a class=\"navbar-brand navbar-nav-wrap-brand\" href=\"\/\" aria-label=\"Front\"> <img src=\"https:\/\/piofx.s3.ap-south-1.amazonaws.com\/themes\/14\/file_packetPrepLogo.jpeg\" style=\"width: 80px; height: 80px;\" alt=\"Logo\"> <\/a>   <div class=\"navbar-nav-wrap-content text-center\"> <div class=\"mr-3 m-lg-0\"> <a class=\"btn btn-sm btn-light transition-3d-hover\" href=\"\/contact\" > Talk to us <\/a> <\/div> <\/div>   <button type=\"button\" class=\"navbar-toggler navbar-nav-wrap-toggler btn btn-icon btn-sm rounded-circle\" aria-label=\"Toggle navigation\" aria-expanded=\"false\" aria-controls=\"navBar\" data-toggle=\"collapse\" data-target=\"#navBar\"> <span class=\"navbar-toggler-default\"> <svg width=\"14\" height=\"14\" viewBox=\"0 0 18 18\" xmlns=\"http:\/\/www.w3.org\/2000\/svg\"> <path fill=\"currentColor\" d=\"M17.4,6.2H0.6C0.3,6.2,0,5.9,0,5.5V4.1c0-0.4,0.3-0.7,0.6-0.7h16.9c0.3,0,0.6,0.3,0.6,0.7v1.4C18,5.9,17.7,6.2,17.4,6.2z M17.4,14.1H0.6c-0.3,0-0.6-0.3-0.6-0.7V12c0-0.4,0.3-0.7,0.6-0.7h16.9c0.3,0,0.6,0.3,0.6,0.7v1.4C18,13.7,17.7,14.1,17.4,14.1z\" \/> <\/svg> <\/span> <span class=\"navbar-toggler-toggled\"> <svg width=\"14\" height=\"14\" viewBox=\"0 0 18 18\" xmlns=\"http:\/\/www.w3.org\/2000\/svg\"> <path fill=\"currentColor\" d=\"M11.5,9.5l5-5c0.2-0.2,0.2-0.6-0.1-0.9l-1-1c-0.3-0.3-0.7-0.3-0.9-0.1l-5,5l-5-5C4.3,2.3,3.9,2.4,3.6,2.6l-1,1 C2.4,3.9,2.3,4.3,2.5,4.5l5,5l-5,5c-0.2,0.2-0.2,0.6,0.1,0.9l1,1c0.3,0.3,0.7,0.3,0.9,0.1l5-5l5,5c0.2,0.2,0.6,0.2,0.9-0.1l1-1 c0.3-0.3,0.3-0.7,0.1-0.9L11.5,9.5z\" \/> <\/svg> <\/span> <\/button>   <div id=\"navBar\" class=\"collapse navbar-collapse navbar-nav-wrap-collapse\"> <div class=\"navbar-body header-abs-top-inner\"> <ul class=\"navbar-nav\">  <li class=\"hs-has-sub-menu navbar-nav-item mx-3\"> <a id=\"pagesMegaMenu\" class=\"hs-mega-menu-invoker nav-link\" href=\"\/\" aria-haspopup=\"true\" aria-expanded=\"false\" aria-labelledby=\"pagesSubMenu\">Home<\/a>  <div id=\"pagesSubMenu\" class=\"hs-sub-menu \" aria-labelledby=\"pagesMegaMenu\" style=\"min-width: 230px;\"> <\/div>  <\/li>   <li class=\"hs-has-sub-menu navbar-nav-item mr-2\"> <a id=\"testsMegaMenu\" class=\"hs-mega-menu-invoker nav-link \" href=\"javascript:;\" aria-haspopup=\"true\" aria-expanded=\"false\" aria-labelledby=\"testsSubMenu\">Prepare<i class=\"fas fa-chevron-down ml-1 pb-2\"><\/i><\/a> <div id=\"pagesSubMenu\" class=\"hs-sub-menu dropdown-menu\" aria-labelledby=\"pagesMegaMenu\" style=\"min-width: 230px;\"> <div class=\"d-flex\"> <div> <a href=\"\/quantitative-aptitude\" class=\"dropdown-item\">Quantitative Aptitude<\/a> <a href=\"\/logical-reasoning\" class=\"dropdown-item\">Logical Reasoning<\/a> <a href=\"\/verbal-ability\" class=\"dropdown-item\">Verbal Ability<\/a> <a href=\"\/interview-skills\" class=\"dropdown-item\">Interview Skills<\/a> <a href=\"\/programming-concepts\" class=\"dropdown-item\">Programming Concepts<\/a> <a href=\"\/coding-for-interviews\" class=\"dropdown-item\">Coding for Interviews<\/a> <\/div> <div > <a href=\"\/targettcs\" class=\"dropdown-item\">TCS NQT<\/a> <a href=\"\/wipro-national-talent-hunt\" class=\"dropdown-item\">Wipro NTH<\/a> <a href=\"\/infytq\" class=\"dropdown-item\">InfyTQ<\/a> <a href=\"\/blog\/category\/placement-prep\" class=\"dropdown-item\">Other Companies<\/a> <\/div> <\/div> <\/div> <\/li>   <li class=\"hs-has-sub-menu navbar-nav-item mx-3\"> <a id=\"pagesMegaMenu\" class=\"hs-mega-menu-invoker nav-link\" href=\"#\" aria-haspopup=\"true\" aria-expanded=\"false\" aria-labelledby=\"pagesSubMenu\">Job Training<i class=\"fas fa-chevron-down ml-1 pb-2\"><\/i><\/a>  <div id=\"testsSubMenu\" class=\"hs-sub-menu dropdown-menu \" aria-labelledby=\"testsMegaMenu\" style=\"min-width: 230px;\"> <div> <a href=\"\/fullstack-java\" class=\"dropdown-item\">Fullstack Java with Placement<\/a> <a href=\"\/curriculum\" class=\"dropdown-item\">Curriculum<\/a> <a href=\"\/fees\" class=\"dropdown-item\">Fee Structure<\/a> <\/div> <\/div>  <\/li>   <li class=\"hs-has-sub-menu navbar-nav-item mx-3\"> <a id=\"pagesMegaMenu\" class=\"hs-mega-menu-invoker nav-link\" href=\"#\" aria-haspopup=\"true\" aria-expanded=\"false\" aria-labelledby=\"pagesSubMenu\">Resources<i class=\"fas fa-chevron-down ml-1 pb-2\"><\/i><\/a>  <div id=\"testsSubMenu\" class=\"hs-sub-menu dropdown-menu \" aria-labelledby=\"testsMegaMenu\" style=\"min-width: 230px;\"> <div> <a href=\"\/telegram\" class=\"dropdown-item\" target=\"_blank\">Telegram Channel<\/a> <a href=\"https:\/\/learn.packetprep.com\" class=\"dropdown-item\" target=\"_blank\">Learning Portal<\/a> <a href=\"\/free-practice-tests\" class=\"dropdown-item\">Free Practice Tests<\/a> <a href=\"\/firstacademy\" class=\"dropdown-item\">FREE IELTS & GRE Test<\/a> <\/div> <\/div>  <\/li>   <li class=\"hs-has-sub-menu navbar-nav-item mx-3\"> <a id=\"blogMegaMenu\" class=\"hs-mega-menu-invoker nav-link \" href=\"\/blog\" aria-haspopup=\"true\" aria-expanded=\"false\" aria-labelledby=\"blogSubMenu\">Blog<\/a>  <div id=\"blogSubMenu\" class=\"hs-sub-menu \" aria-labelledby=\"blogMegaMenu\" style=\"min-width: 230px;\"> <\/div>  <\/li>  <\/ul> <\/div> <\/div>  <\/div> <\/nav>  <\/div> <\/div> <\/header> <main class=\"space-top-2\"> <div class=\"mt-6\"> <div class=\"container py-3 py-md-4\"> <div class=\"bg-light\"> <div class=\"card-body p-3 p-md-5\"><h1>Refund\/Returns Policy<\/h1><p>- Organizations: Please refer to the service agreement signed between your organization and Quedb Edtech. <\/p><p>- Individuals:<b> No refunds are provided<\/b>. Please read the details of the product\/service that you are signing up for and pay accordingly. If you have any queries or support on the usage of the product, you can contact our call centre at +91 90000 45750.<\/p><h3>Cancellation Policy:<\/h3><p>- Organizations: Cancellation of services and related activities will be implied as per the agreement signed between your organization and Xplore<\/p><p>- Individuals: You can cancel your membership and delete you account any time. However, No refunds are provided. Please read the details of the product\/service that you are signing up for and pay accordingly. If you have any queries or support on the usage of the product, you can contact our call centre at +91 90000 45750. <\/p><h3>Membership Policy:<\/h3><p>Your Membership is non-transferable. You must not share your username and password with anyone else or allow anyone else to access the Site using your username and password.<\/p><p>You are responsible for every use of the Site that occurs in conjunction with use of your username and password. You must use reasonable efforts to keep your username and password confidential. You must notify us as soon as you become aware of any unauthorised use of your membership, username or password.<\/p><p>Premium Membership is based on periodic subscription fees which are detailed on the Site\u2019s product and offering pages. Your premium membership, or access to Content and areas of the Site, will be suspended or cancelled if we do not receive the fees for your subscription type.<\/p><p>In case your institution sponsors for your premium membership, you will be entitled to receive the subscription benefits as per the agreement with your institution. Upon expiry of the agreement, your premium benefits will expire and you will retain the normal membership. You will have an option to purchase any existing membership plans if you wish to.<\/p> <\/div> <\/div> <\/div> <\/div><\/main><div style=\"background: #165083;\"> <div class=\"container space-1\"> <div class=\"row justify-content-lg-between align-items-lg-center text-center text-lg-left\"> <div class=\"col-lg-7 mb-5 mb-lg-0\"> <h2 class=\"text-white mb-0\">Attend placement drives with us<\/h2> <p class=\"text-light\">Enrol for fullstack java with pay after placement<\/p> <\/div> <div class=\"col-lg-5 text-lg-right\"> <a class=\"btn btn-info btn-wide btn-pill transition-3d-hover mx-1 mb-2\" href=\"\/apply\">Apply Now<\/a> <a class=\"btn btn-light btn-wide btn-pill transition-3d-hover mx-1 mb-2\" href=\"\/fullstack-java\">Learn More<\/a> <\/div> <\/div> <\/div><\/div><footer style=\"background: #023460;\"> <div class=\"container\"> <div class=\"space-top-1 space-bottom-1 space-bottom-lg-1\"> <div class=\"row justify-content-lg-between\"> <div class=\"col-12 col-lg-3 ml-lg-auto mb-2 mb-lg-0\">  <div class=\"mb-3\"> <a href=\"#\"> <img class=\"brand w-75\" src=\"https:\/\/piofx.s3.ap-south-1.amazonaws.com\/themes\/14\/file_pp_logo_white_100.png\" alt=\"Logo\"> <\/a> <\/div>   <ul class=\"nav nav-sm nav-x-0 nav-white flex-column\"> <li class=\"nav-item\"> <h4 class=\"text-light\">PacketPrep<\/h4> <h6 class=\"\" style=\"color:#175083\">Head Office<\/h6> <a class=\"nav-link media\" href=\"https:\/\/g.page\/packetprepjobs\"> <span class=\"media\"> <span class=\"fas fa-location-arrow mt-1 mr-2\"><\/span> <span class=\"media-body\"> 2nd Floor, Oyester Uptown, Beside Durgam Cheruvu Metro Station, Madhapur, Hyderabad, Telengana, 500081. <\/span> <\/span> <\/a> <\/li> <li class=\"nav-item\"> <span class=\"media nav-link\"> <span class=\"fas fa-phone-alt mt-1 mr-2\"><\/span> <span class=\"media-body\"> <a class=\"media\" href=\"tel:+919000045750\" style=\"color:white;font-size: 0.875rem;\"> +91 90000 45750 <\/a> <\/span> <\/span> <\/li> <\/ul>  <\/div> <div class=\"col-6 col-lg-2\"> <h5 class=\"text-white\">Our Company<\/h5>  <ul class=\"nav nav-sm nav-x-0 nav-white flex-column\"> <li class=\"nav-item\"><a class=\"nav-link\" href=\"\/about\">About<\/a><\/li> <li class=\"nav-item\"><a class=\"nav-link\" href=\"https:\/\/g.page\/packetprepjobs\" target=\"_blank\">Reviews<\/a><\/li> <li class=\"nav-item\"><a class=\"nav-link\" href=\"\/testimonial\">Testimonials<\/a><\/li> <li class=\"nav-item\"><a class=\"nav-link\" href=\"\/blog\">Blog<\/a><\/li> <li class=\"nav-item\"><a class=\"nav-link\" href=\"\/contact\">Contact<\/a><\/li> <\/ul> <\/div> <div class=\"col-6 col-lg-4\">  <h5 class=\"text-white\">Prepare<\/h5> <div class=\"row\"> <div class=\"col-12 col-lg-6\">  <ul class=\"nav nav-sm nav-x-0 nav-white flex-column\"> <li class=\"nav-item\"><a class=\"nav-link\" href=\"\/quantitative-aptitude\">Quantitative Aptitude<\/a><\/li> <li class=\"nav-item\"><a class=\"nav-link\" href=\"\/logical-reasoning\">Logical Reasoning<\/a><\/li> <li class=\"nav-item\"><a class=\"nav-link\" href=\"\/verbal-ability\">Verbal Ability<\/a><\/li> <li class=\"nav-item\"><a class=\"nav-link\" href=\"\/interview-skills\">Interview Skills<\/a><\/li> <li class=\"nav-item\"><a class=\"nav-link\" href=\"\/programming-concepts\">Programming Concepts <\/a><\/li> <li class=\"nav-item\"><a class=\"nav-link\" href=\"\/coding-for-interviews\">Coding for Interviews<\/a><\/li> <\/ul>  <\/div> <div class=\"col-12 col-lg-6\">  <ul class=\"nav nav-sm nav-x-0 nav-white flex-column\"> <li class=\"nav-item\"><a class=\"nav-link\" href=\"\/targettcs\">TCS NQT<\/a><\/li> <li class=\"nav-item\"><a class=\"nav-link\" href=\"\/wipro-national-talent-hunt\">Wipro NTH<\/a><\/li> <li class=\"nav-item\"><a class=\"nav-link\" href=\"\/infytq\">InfyTQ<\/a><\/li> <li class=\"nav-item\"><a class=\"nav-link\" href=\"\/blog\/category\/placement-prep\">All Companies<\/a><\/li> <\/ul>  <\/div> <\/div> <\/div> <div class=\"col-12 col-lg-3\"> <h5 class=\"text-white\">Resources<\/h5>  <ul class=\"nav nav-sm nav-x-0 nav-white flex-column\"> <li class=\"nav-item\"><a class=\"nav-link\" href=\"\/telegram\" target=\"_blank\">Telegram Channel<\/a><\/li> <li class=\"nav-item\"><a class=\"nav-link\" href=\"https:\/\/learn.packetprep.com\" target=\"_blank\">Learning Portal<\/a><\/li> <li class=\"nav-item\"><a class=\"nav-link\" href=\"\/free-practice-tests\">Free Practice Tests<\/a><\/li> <li class=\"nav-item\"><a class=\"nav-link\" href=\"\/firstacademy\">Free GRE & IELTS Test<\/a><\/li> <\/ul>  <\/div> <\/div> <\/div> <hr class=\"opacity-xs my-0\"> <div class=\"py-3\"> <div class=\"row align-items-md-center mb-3\"> <div class=\"col-md-6 mb-4 mb-md-0\">  <ul class=\"nav nav-sm nav-white nav-x-sm align-items-center\"> <li class=\"nav-item\"> <a class=\"nav-link\" href=\"\/privacy\">Privacy &amp; Policy<\/a> <\/li> <li class=\"nav-item opacity mx-3\">&#47;<\/li> <li class=\"nav-item\"> <a class=\"nav-link\" href=\"\/terms\">Terms & Services<\/a> <\/li> <li class=\"nav-item opacity mx-3\">&#47;<\/li> <li class=\"nav-item\"> <a class=\"nav-link\" href=\"\/refund\">Refund & Cancellation<\/a> <\/li> <\/ul>  <\/div> <div class=\"col-md-6 text-md-right\"> <ul class=\"list-inline mb-0\">  <li class=\"list-inline-item\"> <a class=\"btn btn-xs btn-icon btn-soft-light\" href=\"https:\/\/www.facebook.com\/packetprep\" target=\"_blank\"> <i class=\"fab fa-facebook-f\"><\/i> <\/a> <\/li> <li class=\"list-inline-item\"> <a class=\"btn btn-xs btn-icon btn-soft-light\" href=\"https:\/\/www.instagram.com\/packetprep\" target=\"_blank\"> <i class=\"fab fa-instagram\"><\/i> <\/a> <\/li> <li class=\"list-inline-item\"> <a class=\"btn btn-xs btn-icon btn-soft-light\" href=\"\/telegram\" target=\"_blank\"> <i class=\"fab fa-telegram\"><\/i> <\/a> <\/li> <li class=\"list-inline-item\"> <a class=\"btn btn-xs btn-icon btn-soft-light\" href=\"https:\/\/www.youtube.com\/packetprep\" target=\"_blank\"> <i class=\"fab fa-youtube\"><\/i> <\/a> <\/li>  <\/ul> <\/div> <\/div>  <div class=\"w-md-75 text-lg-center mx-lg-auto\"> <p class=\"text-white opacity-sm small\">&copy; 2021 Quedb Edtech Private Limited. All rights reserved.<\/p> <p class=\"text-white opacity-sm small\">When you visit or interact with our sites, services or tools, we or our authorised service providers may use cookies for storing information to help provide you with a better, faster and safer experience and for marketing purposes.<\/p> <\/div>  <\/div> <\/div><\/footer>  <a class=\"js-go-to go-to position-fixed\" href=\"javascript:;\" style=\"visibility: hidden\" data-hs-go-to-options='{ \"offsetTop\": 700, \"position\": { \"init\": { \"right\": 15 }, \"show\": { \"bottom\": 15 }, \"hide\": { \"bottom\": -15 } } }' > <i class=\"fas fa-angle-up\"><\/i> <\/a>   <script src=\"\/themes\/front\/vendor\/jquery\/dist\/jquery.min.js\"><\/script> <script src=\"\/themes\/front\/vendor\/jquery-migrate\/dist\/jquery-migrate.min.js\"><\/script> <script src=\"\/themes\/front\/vendor\/bootstrap\/dist\/js\/bootstrap.bundle.min.js\"><\/script>  <script src=\"\/themes\/front\/vendor\/hs-header\/dist\/hs-header.min.js\"><\/script> <script src=\"\/themes\/front\/vendor\/hs-go-to\/dist\/hs-go-to.min.js\"><\/script> <script src=\"\/themes\/front\/vendor\/hs-unfold\/dist\/hs-unfold.min.js\"><\/script> <script src=\"\/themes\/front\/vendor\/hs-mega-menu\/dist\/hs-mega-menu.min.js\"><\/script> <script src=\"\/themes\/front\/vendor\/slick-carousel\/slick\/slick.js\"><\/script> <script src=\"\/themes\/front\/vendor\/jquery-validation\/dist\/jquery.validate.min.js\"><\/script> <script src=\"\/themes\/front\/vendor\/typed.js\/lib\/typed.min.js\"><\/script> <script src=\"\/themes\/front\/vendor\/aos\/dist\/aos.js\"><\/script>  <script src=\"\/themes\/front\/js\/hs.core.js\"><\/script> <script src=\"\/themes\/front\/js\/hs.slick-carousel.js\"><\/script> <script src=\"\/themes\/front\/js\/hs.validation.js\"><\/script> <script src=\"https:\/\/unpkg.com\/aos@2.3.1\/dist\/aos.js\"><\/script> <script src=\"https:\/\/cdn.jsdelivr.net\/npm\/canvas-confetti@1.4.0\/dist\/confetti.browser.min.js\"><\/script> <script src=\"\/js\/test.js\"><\/script> <script src=\"\/js\/testpp.js\"><\/script> <script src=\"\/js\/testjson.js\"><\/script> <script src=\"\/js\/contact.js\"><\/script> <script> AOS.init(); <\/script>  <script> $(document).on(\"ready\", function () { var header = new HSHeader($(\"#header\")).init(); var megaMenu = new HSMegaMenu($(\".js-mega-menu\"), { desktop: { position: \"left\", }, }).init(); var unfold = new HSUnfold(\".js-hs-unfold-invoker\").init(); $(\".js-slick-carousel\").each(function () { var slickCarousel = $.HSCore.components.HSSlickCarousel.init($(this)); }); $(\".js-validate\").each(function () { var validation = $.HSCore.components.HSValidation.init($(this)); }); var typed = new Typed(\".js-text-animation\", { strings: [\"Trained\", \"Placed\"], typeSpeed: 70, loop: true, backSpeed: 40, backDelay: 2000 }); AOS.init({ duration: 650, once: true, });  }); <\/script> <\/body><\/html>",
    "settings": null,
    "admin": 1,
    "client_id": 12,
    "theme_id": 14,
    "agency_id": 1,
    "user_id": 43,
    "status": 1,
    "created_at": "2021-09-25T04:25:51.000000Z",
    "updated_at": "2021-10-13T08:21:47.000000Z"
}