{
    "id": 11,
    "name": "home",
    "slug": "\/",
    "html": "{{@header}}\r\n    <!-- ========== MAIN ========== -->\r\n<div style=\"background:#e0f0ff\">\r\n    <main class=\"container space-top-3 space-bottom-2\" >\r\n\r\n  <div class=\" mt-5\">\r\n    <div class=\"\">\r\n  <div class=\"container space-top-1  space-bottom-1\">\r\n    <div class=\"row justify-content-lg-between align-items-md-center\">\r\n      <div class=\"col-md-6 col-lg-7 \">\r\n        <div class=\"mb-5\">\r\n          <h1 class=\"display-1 mb-3\">Get\r\n                    <span class=\" text-primary text-highlight-warning\">\r\n        <span class=\"js-text-animation\"><\/span>\r\n      <\/span><\/h1>\r\n      <p class=\"h2\">Fullstack Java Training with<br> pay after placement<\/p>\r\n        <\/div>\r\n        <a class=\"js-go-to position-static btn btn-primary btn-wide transition-3d-hover\" href=\"javascript:;\"\r\n           data-hs-go-to-options='{\r\n            \"targetSelector\": \"#caseStudies\",\r\n            \"offsetTop\": 0,\r\n            \"position\": null,\r\n            \"animationIn\": false,\r\n            \"animationOut\": false\r\n           }'>\r\n          Apply Now\r\n        <\/a>\r\n        <a class=\"btn btn-link btn-wide\" href=\"\/fullstack-java\">Learn More <i class=\"fas fa-angle-right fa-sm ml-1\"><\/i><\/a>\r\n      <\/div>\r\n\r\n      <div class=\"col-md-6 col-lg-5\">\r\n        <div class=\"d-none d-md-block\">\r\n          <img class=\"img-fluid rounded float-right w-100\" src=\"{{&pp_header_a.png}}\" alt=\"Image Description\">\r\n          <div class=\"position-absolute top-0 right-0 w-100 h-100 bg-light rounded z-index-n1 mt-5 mr-n5\"><\/div>\r\n        <\/div>\r\n      <\/div>\r\n    <\/div>\r\n  <\/div>\r\n<\/div>\r\n  <\/div>\r\n<\/main>\r\n<\/div>\r\n    <main id=\"content\"  style=\"background:white\">\r\n   \r\n\r\n      <!-- End Hero Section -->\r\n      <!-----------companies list---------->\r\n      <!-- Clients Section -->\r\n      <div class=\"py-5 py-md-7\">\r\n      <div class=\"container \">\r\n        <div class=\"text-center mb-5\">\r\n          <h2>Our students are placed in<\/h2>\r\n        <\/div>\r\n\r\n        <div class=\"row  text-center\">\r\n          <div class=\"col-4 col-md-2\">\r\n            <img class=\"max-w-11rem max-w-md-13rem mx-auto my-2\" src=\"{{ &tcs.jpg }}\" alt=\"Image Description\" \/>\r\n          <\/div>\r\n          <div class=\"col-4 col-md-2\">\r\n            <img class=\"max-w-11rem max-w-md-13rem mx-auto my-2\" src=\"{{ &wipro.jpg }}\" alt=\"Image Description\" \/>\r\n          <\/div>\r\n          <div class=\"col-4 col-md-2\">\r\n            <img class=\"max-w-11rem max-w-md-13rem mx-auto my-2\" src=\"{{ &infosys.jpg }}\" alt=\"Image Description\" \/>\r\n          <\/div>\r\n          <div class=\"col-4 col-md-2\">\r\n            <img class=\"max-w-11rem max-w-md-13rem mx-auto my-2\" src=\"{{ &accenture.jpg }}\" alt=\"Image Description\" \/>\r\n          <\/div>\r\n          <div class=\"col-4 col-md-2\">\r\n            <img class=\"max-w-11rem max-w-md-13rem mx-auto my-2\" src=\"{{ &cognizant.jpg }}\" alt=\"Image Description\" \/>\r\n          <\/div>\r\n          <div class=\"col-4 col-md-2\">\r\n            <img class=\"max-w-11rem max-w-md-13rem mx-auto my-2\" src=\"{{ &capgemini.jpg }}\" alt=\"Image Description\" \/>\r\n          <\/div>\r\n        <\/div>\r\n        <div class=\"row  text-center\">\r\n          <div class=\"col-4 col-md-2\">\r\n            <img class=\"max-w-11rem max-w-md-13rem mx-auto my-2\" src=\"{{ &hcl.jpg }}\" alt=\"Image Description\" \/>\r\n          <\/div>\r\n          <div class=\"col-4 col-md-2\">\r\n            <img class=\"max-w-11rem max-w-md-13rem mx-auto my-2\" src=\"{{ &dell.jpg }}\" alt=\"Image Description\" \/>\r\n          <\/div>\r\n          <div class=\"col-4 col-md-2\">\r\n            <img class=\"max-w-11rem max-w-md-13rem mx-auto my-2\" src=\"{{ &cyient.jpg }}\" alt=\"Image Description\" \/>\r\n          <\/div>\r\n          <div class=\"col-4 col-md-2\">\r\n            <img class=\"max-w-11rem max-w-md-13rem mx-auto my-2\" src=\"{{ &techmahindra.jpg }}\" alt=\"Image Description\" \/>\r\n          <\/div>\r\n          <div class=\"col-4 col-md-2\">\r\n            <img class=\"max-w-11rem max-w-md-13rem mx-auto my-2\" src=\"{{ &amazon.jpg }}\" alt=\"Image Description\" \/>\r\n          <\/div>\r\n          <div class=\"col-4 col-md-2\">\r\n            <img class=\"max-w-11rem max-w-md-13rem mx-auto my-2\" src=\"{{ &wipro.jpg }}\" alt=\"Image Description\" \/>\r\n          <\/div>\r\n        <\/div>\r\n\r\n         <div class=\"row  text-center mt-md-2\">\r\n          <div class=\"col-4 col-md-2\">\r\n            <img class=\"max-w-11rem max-w-md-13rem mx-auto my-3\" src=\"{{ &sumtotal.png }}\" alt=\"Image Description\" \/>\r\n          <\/div>\r\n          <div class=\"col-4 col-md-2\">\r\n            <img class=\"max-w-11rem max-w-md-13rem mx-auto my-3\" src=\"{{ &bristlecone.png }}\" alt=\"Image Description\" \/>\r\n          <\/div>\r\n          <div class=\"col-4 col-md-2\">\r\n            <img class=\"max-w-11rem max-w-md-13rem mx-auto my-3\" src=\"{{ &globalogic.png }}\" alt=\"Image Description\" \/>\r\n          <\/div>\r\n          <div class=\"col-4 col-md-2\">\r\n            <img class=\"max-w-11rem max-w-md-13rem mx-auto my-3\" src=\"{{ &netenrich2.png }}\" alt=\"Image Description\" \/>\r\n          <\/div>\r\n          <div class=\"col-4 col-md-2\">\r\n            <img class=\"max-w-11rem max-w-md-13rem mx-auto my-3\" src=\"{{ &yupptv.png }}\" alt=\"Image Description\" \/>\r\n          <\/div>\r\n          <div class=\"col-4 col-md-2\">\r\n            <img class=\"max-w-11rem max-w-md-13rem mx-auto my-3\" src=\"{{ &qualitlabs.png }}\" alt=\"Image Description\" \/>\r\n          <\/div>\r\n        <\/div>\r\n\r\n         <div class=\"row  text-center mt-md-1\">\r\n          <div class=\"col-4 col-md-2\">\r\n            <img class=\"max-w-11rem max-w-md-13rem mx-auto my-3\" src=\"{{ &deloitte.jpg }}\" alt=\"Image Description\" \/>\r\n          <\/div>\r\n          <div class=\"col-4 col-md-2\">\r\n            <img class=\"max-w-11rem max-w-md-13rem mx-auto my-3\" src=\"{{ &virtusa2.jpg }}\" alt=\"Image Description\" \/>\r\n          <\/div>\r\n          <div class=\"col-4 col-md-2\">\r\n            <img class=\"max-w-11rem max-w-md-13rem mx-auto my-3\" src=\"{{ &zenq2.png }}\" alt=\"Image Description\" \/>\r\n          <\/div>\r\n          <div class=\"col-4 col-md-2\">\r\n            <img class=\"max-w-11rem max-w-md-13rem mx-auto my-3\" src=\"{{ &mphasis.png }}\" alt=\"Image Description\" \/>\r\n          <\/div>\r\n          <div class=\"col-4 col-md-2\">\r\n            <img class=\"max-w-11rem max-w-md-13rem mx-auto my-3\" src=\"{{ &machint2.png }}\" alt=\"Image Description\" \/>\r\n          <\/div>\r\n          <div class=\"col-4 col-md-2\">\r\n            <img class=\"max-w-11rem max-w-md-13rem mx-auto my-3\" src=\"{{ &invesco.jpg }}\" alt=\"Image Description\" \/>\r\n          <\/div>\r\n        <\/div>\r\n\r\n        <\/div>\r\n        <\/div>\r\n      <!----------- end companies list---------->\r\n\r\n<div class=\"py-5 py-md-7\" style=\"background:#eff7ff\">\r\n      <div class=\"container \" >\r\n        \r\n   \r\n        <div class=\"text-center mb-5 \">\r\n          <h2>Success Stories<\/h2>\r\n          <p>More than us, its all about our students and their efforts<br> Listen to <a href=\"https:\/\/tech.packetprep.com\/testimonial\">what our students say<\/a><\/p>\r\n        <\/div>\r\n      <!-- Gallery Section -->\r\n<div class=\"container\">\r\n  <div class=\"row mx-n2\">\r\n    <div class=\"col-6 col-md px-2 mb-3\">\r\n      <div class=\"h-250rem bg-img-hero rounded\" style=\"background-image: url(https:\/\/i.vimeocdn.com\/video\/845642180-0196181cb2da4a9ff9b35a63b782b92a009e463670f656939a5a007adbed4079-d?mw=700&mh=395&q=70);\"><\/div>\r\n    <\/div>\r\n    <div class=\"col-md-3 d-none d-md-block px-2 mb-3\">\r\n      <div class=\"h-250rem bg-img-hero rounded\" style=\"background-image: url(https:\/\/i.vimeocdn.com\/video\/845641273-d6c96b046eae1a0585ac0bb70ce0fbb65beab0feacc0090cc09e7c7fa5ce4eb7-d?mw=700&mh=395&q=70);\"><\/div>\r\n    <\/div>\r\n    <div class=\"col-6 col-md px-2 mb-3\">\r\n      <div class=\"h-250rem bg-img-hero rounded\" style=\"background-image: url(https:\/\/i.vimeocdn.com\/video\/845642021-3c3c2becc98c513a42cc80326228c79d4aeb15e0a180e1a32927a11bf087ca34-d?mw=700&mh=395&q=70);\"><\/div>\r\n    <\/div>\r\n\r\n    <div class=\"w-100\"><\/div>\r\n\r\n    <div class=\"col-6 col-md px-2 mb-3 mb-md-0\">\r\n      <div class=\"h-250rem bg-img-hero rounded\" style=\"background-image: url(https:\/\/i.vimeocdn.com\/video\/845640782-e65500bdd7461b2ac621d35dc3a47e1cbd02ca9cd9c110c9d4986c248d5ee01f-d?mw=700&mh=395&q=70);\"><\/div>\r\n    <\/div>\r\n    <div class=\"col-md-4 d-none d-md-block px-2 mb-3 mb-md-0\">\r\n      <div class=\"h-250rem bg-img-hero rounded\" style=\"background-image: url(https:\/\/i.vimeocdn.com\/video\/845641065-36d1c3fadadd7fd8c1dc8bc3f3ac0539f4aec51fac130632b5b8ffb1d14d26ee-d?mw=700&mh=395&q=70);\"><\/div>\r\n    <\/div>\r\n    <div class=\"col-6 col-md px-2\">\r\n      <div class=\"h-250rem bg-img-hero rounded\" style=\"background-image: url(https:\/\/i.ytimg.com\/vi\/hAq9UTL6jfM\/maxresdefault.jpg);\"><\/div>\r\n    <\/div>\r\n  <\/div>\r\n<\/div>\r\n<!-- End Gallery Section -->\r\n      <\/div>\r\n<\/div>\r\n\r\n  <!-- Articles Section -->\r\n  <div class=\"container my-5 my-md-7\">\r\n      <h2 class=\"text-center\">Why Choose Us?<\/h2>\r\n      <div class=\"\">\r\n        <div class=\"w-lg-100 mx-lg-auto\">\r\n          <div class=\"row\">\r\n            <div class=\"col-md-6 mb-3 mb-2\">\r\n              <!-- Icon Block -->\r\n              <div class=\"card h-100 transition-3d-hover\" >\r\n                <div class=\"card-body\">\r\n                  <div class=\"media\">\r\n                    <figure class=\"w-100 max-w-7rem mr-3\">\r\n                      <img class=\"img-fluid\" src=\"{{ &quality.png }}\" alt=\"SVG\">\r\n                    <\/figure>\r\n                    <div class=\"media-body\">\r\n                      <h3>Quality Training<\/h3>\r\n                      <p class=\"text-body\">Our experienced faculty provide student-centric training that ensures the highest level of quality. The theory behind the concepts is well-explained, and there is a lot of hands-on project work, which is quite beneficial.<\/p>\r\n                    <\/div>\r\n                  <\/div>\r\n                <\/div>\r\n              <\/div>\r\n              <!-- End Icon Block -->\r\n            <\/div>\r\n\r\n            <div class=\"col-md-6 mb-3 mb-2\">\r\n              <!-- Icon Block -->\r\n              <div class=\"card h-100 transition-3d-hover\" href=\"#\">\r\n                <div class=\"card-body\">\r\n                  <div class=\"media\">\r\n                    <figure class=\"w-100 max-w-7rem mr-3\">\r\n                      <img class=\"img-fluid\" src=\"{{ &classroom.png }}\" alt=\"SVG\">\r\n                    <\/figure>\r\n                    <div class=\"media-body\">\r\n                      <h3>Classroom & Online<\/h3>\r\n                      <p class=\"text-body\">We provide the best classroom & online  training with mentor support. All the classes will be recorded and made available to students thereafter, allowing you to catch up on missed classes or use them as a learning tool while studying. \r\n\r\n<\/p>\r\n                    <\/div>\r\n                  <\/div>\r\n                <\/div>\r\n              <\/div>\r\n              <!-- End Icon Block -->\r\n            <\/div>\r\n             <div class=\"col-md-6 mb-3 mb-2\">\r\n              <!-- Icon Block -->\r\n                <div class=\"card-body\">\r\n                  <div class=\"media\">\r\n                    <figure class=\"w-100 max-w-7rem mr-3\">\r\n                      <img class=\"img-fluid\" src=\"{{ &apti.png }}\" alt=\"SVG\">\r\n                    <\/figure>\r\n                    <div class=\"media-body\">\r\n                      <h3>Aptitude<\/h3>\r\n                      <p class=\"text-body\">Our aptitude training materials\/practice tests\/question sets (quantitative, logical thinking, verbal ability) provide all-round learning with strategies, tricks, and methods to help you clear pre-assessments.<\/p>\r\n                    <\/div>\r\n                  <\/div>\r\n                <\/div>\r\n              <!-- End Icon Block -->\r\n            <\/div>\r\n             <div class=\"col-md-6 mb-3 mb-2\">\r\n              <!-- Icon Block -->\r\n                <div class=\"card-body\">\r\n                  <div class=\"media\">\r\n                    <figure class=\"w-100 max-w-7rem mr-3\">\r\n                      <img class=\"img-fluid\" src=\"{{ &chat.png }}\" alt=\"SVG\">\r\n                    <\/figure>\r\n                    <div class=\"media-body\">\r\n                      <h3>Softskills<\/h3>\r\n                      <p class=\"text-body\"> Soft Skills training is provided in areas including communication, presentation, and interview etiquette. Mock interviews are held to help students build confidence in facing and cracking any interview. <\/p>\r\n                    <\/div>\r\n                  <\/div>\r\n                <\/div>\r\n              <!-- End Icon Block -->\r\n            <\/div>\r\n             <div class=\"col-md-6 mb-3 mb-2\">\r\n              <!-- Icon Block -->\r\n                <div class=\"card-body\">\r\n                  <div class=\"media\">\r\n                    <figure class=\"w-100 max-w-7rem mr-3\">\r\n                      <img class=\"img-fluid\" src=\"{{ &material.png }}\" alt=\"SVG\">\r\n                    <\/figure>\r\n                    <div class=\"media-body\">\r\n                      <h3>Study Material<\/h3>\r\n                      <p class=\"text-body\">Get access to our online comprehensive and high-quality course material which includes 10,000 practise questions, 300+ in-demand tools and video resources, PDFs, Sample Questions, and the most common or frequently asked Interview Questions (Technical and HR) <\/p>\r\n                    <\/div>\r\n                  <\/div>\r\n                <\/div>\r\n              <!-- End Icon Block -->\r\n            <\/div>\r\n             <div class=\"col-md-6 mb-3 mb-2\">\r\n              <!-- Icon Block -->\r\n                <div class=\"card-body\">\r\n                  <div class=\"media\">\r\n                    <figure class=\"w-100 max-w-7rem mr-3\">\r\n                      <img class=\"img-fluid\" src=\"{{&test_2.png}}\" alt=\"SVG\">\r\n                    <\/figure>\r\n                    <div class=\"media-body\">\r\n                      <h3>Mock Tests<\/h3>\r\n                      <p class=\"text-body\">We provide mock tests for all the top corporate companies to assess your level of competency.We conduct weekly assessments to help you analyse and identify your strengths and weaknesses so that you can improve your knowledge and abilities.<\/p>\r\n                    <\/div>\r\n                  <\/div>\r\n                <\/div>\r\n              <!-- End Icon Block -->\r\n            <\/div>\r\n             <div class=\"col-md-6 mb-3 mb-2\">\r\n              <!-- Icon Block -->\r\n                <div class=\"card-body\">\r\n                  <div class=\"media\">\r\n                    <figure class=\"w-100 max-w-7rem mr-3\">\r\n                      <img class=\"img-fluid\" src=\"{{ &softskills.png }}\" alt=\"SVG\">\r\n                    <\/figure>\r\n                    <div class=\"media-body\">\r\n                      <h3>Unlimited Placements<\/h3>\r\n                      <p class=\"text-body\">We guarantee you a job by allowing you to attend unlimited number of interview calls until you are hired. Our service includes one-year placement support to ensure your success. <\/p>\r\n                    <\/div>\r\n                  <\/div>\r\n                <\/div>\r\n              <!-- End Icon Block -->\r\n            <\/div>\r\n             <div class=\"col-md-6 mb-3 mb-2\">\r\n              <!-- Icon Block -->\r\n                <div class=\"card-body\">\r\n                  <div class=\"media\">\r\n                    <figure class=\"w-100 max-w-7rem mr-3\">\r\n                      <img class=\"img-fluid\" src=\"{{ &get-money.png }}\" alt=\"SVG\">\r\n                    <\/figure>\r\n                    <div class=\"media-body\">\r\n                      <h3>Pay after Placement<\/h3>\r\n                      <p class=\"text-body\">Packet Prep is the first institute to provide \"pay after placement\" services in Telengana with  the lowest upfront fee.  With us, Students can pay the majority of the fee after getting placed.<\/p>\r\n                    <\/div>\r\n                  <\/div>\r\n                <\/div>\r\n              <!-- End Icon Block -->\r\n            <\/div>\r\n          <\/div>\r\n        <\/div>\r\n      <\/div>\r\n      <\/div>\r\n      <!-- End Articles Section -->\r\n\r\n<div class=\"bg-light py-5 py-md-7\">\r\n      <!-- Rating Section -->\r\n      <div class=\"container \" >\r\n        <!-- Title -->\r\n        <div class=\" mb-5\">\r\n          <h2 class=\"text-center\">What our students have to say<\/h2>\r\n        <\/div>\r\n        <!-- End Title -->\r\n\r\n        <!-- Rating cards -->\r\n        <div class=\"card-deck d-block d-lg-flex card-lg-gutters-2\" >\r\n          <!-- rating -->\r\n          <div class=\"card shadow-none bg-transparent\">\r\n            <div class=\"card-body\">\r\n              <ul class=\"list-inline text-warning small\">\r\n                <li class=\"list-inline-item mx-0\">\r\n                  <i class=\"fas fa-star\"><\/i>\r\n                <\/li>\r\n                <li class=\"list-inline-item mx-0\">\r\n                  <i class=\"fas fa-star\"><\/i>\r\n                <\/li>\r\n                <li class=\"list-inline-item mx-0\">\r\n                  <i class=\"fas fa-star\"><\/i>\r\n                <\/li>\r\n                <li class=\"list-inline-item mx-0\">\r\n                  <i class=\"fas fa-star\"><\/i>\r\n                <\/li>\r\n                <li class=\"list-inline-item mx-0\">\r\n                  <i class=\"fas fa-star\"><\/i>\r\n                <\/li>\r\n              <\/ul>\r\n              <div class=\"mb-auto\">\r\n                <p class=\"mb-0\">\r\n                  Initially I'm no where in the idea of training or coaching But with packet prep they are providing pay after placement then I have joined them on may from there my training has started it has been very good with them in terms of placements and training\r\nIt is best for the students who are not able to invest a lot of money for their training in order to get a job.They will provide an excellent placements from different companies\r\n                <\/p>\r\n              <\/div>\r\n            <\/div>\r\n\r\n            <div class=\"card-footer border-0 bg-transparent pt-0 px-5 pb-5\">\r\n              <div class=\"media\">\r\n                <div class=\"avatar avatar-circle mr-3\">\r\n                  <img\r\n                    class=\"avatar-img\"\r\n                    src=\"{{&r1.png}}\"\r\n                    alt=\"Image Description\"\r\n                  \/>\r\n                <\/div>\r\n                <div class=\"media-body\">\r\n                <a href=\"https:\/\/goo.gl\/maps\/CKEdQasV4V5aCW6d7\">\r\n                  <h4 class=\"mb-1\">Saikrishna Potharaj<\/h4>\r\n                  <small class=\"d-block text-body\"\r\n                    >Original Google Review<\/small\r\n                  >\r\n                <\/a>\r\n                <\/div>\r\n              <\/div>\r\n            <\/div>\r\n          <\/div>\r\n          <!-- End rating -->\r\n\r\n          <!-- rating -->\r\n          <div class=\"card bg-primary text-white shadow-primary-lg\">\r\n            <div class=\"card-body\">\r\n              <ul class=\"list-inline text-warning small\">\r\n                <li class=\"list-inline-item mx-0\">\r\n                  <i class=\"fas fa-star\"><\/i>\r\n                <\/li>\r\n                <li class=\"list-inline-item mx-0\">\r\n                  <i class=\"fas fa-star\"><\/i>\r\n                <\/li>\r\n                <li class=\"list-inline-item mx-0\">\r\n                  <i class=\"fas fa-star\"><\/i>\r\n                <\/li>\r\n                <li class=\"list-inline-item mx-0\">\r\n                  <i class=\"fas fa-star\"><\/i>\r\n                <\/li>\r\n                <li class=\"list-inline-item mx-0\">\r\n                  <i class=\"fas fa-star\"><\/i>\r\n                <\/li>\r\n              <\/ul>\r\n              <div class=\"mb-auto\">\r\n\r\n                <p class=\"text-white mb-0\">\r\n                  It's a good place to learn and skillup your coding knowledge. Trainer's are very interactive to the students. They will providing full stack development training with placement assistance I got placed in a good company. I suggest you to join people who are freshers they  will get a job.\r\n                <\/p>\r\n              <\/div>\r\n            <\/div>\r\n\r\n            <div\r\n              class=\"card-footer border-0 bg-primary text-white pt-0 px-5 pb-5\"\r\n            >\r\n              <div class=\"media\">\r\n                <div class=\"avatar avatar-circle mr-3\">\r\n                  <img\r\n                    class=\"avatar-img\"\r\n                    src=\"{{ &r2.jpg }}\"\r\n                    alt=\"Image Description\"\r\n                  \/>\r\n                <\/div>\r\n                <div class=\"media-body\">\r\n                <a href=\"https:\/\/goo.gl\/maps\/W2MNRxsMABSQLCpFA\">\r\n                  <h4 class=\"text-white mb-1\">Manikanta<\/h4>\r\n                  <small class=\"d-block text-light\"\r\n                    >Original Google Review<\/small\r\n                  >\r\n                <\/a>\r\n                <\/div>\r\n              <\/div>\r\n            <\/div>\r\n          <\/div>\r\n          <!-- End rating -->\r\n\r\n          <!-- rating -->\r\n          <div class=\"card shadow-none bg-transparent\">\r\n            <div class=\"card-body\">\r\n              <ul class=\"list-inline text-warning small\">\r\n                <li class=\"list-inline-item mx-0\">\r\n                  <i class=\"fas fa-star\"><\/i>\r\n                <\/li>\r\n                <li class=\"list-inline-item mx-0\">\r\n                  <i class=\"fas fa-star\"><\/i>\r\n                <\/li>\r\n                <li class=\"list-inline-item mx-0\">\r\n                  <i class=\"fas fa-star\"><\/i>\r\n                <\/li>\r\n                <li class=\"list-inline-item mx-0\">\r\n                  <i class=\"fas fa-star\"><\/i>\r\n                <\/li>\r\n                <li class=\"list-inline-item mx-0\">\r\n                  <i class=\"fas fa-star\"><\/i>\r\n                <\/li>\r\n              <\/ul>\r\n              <div class=\"mb-auto\">\r\n                <p class=\"mb-0\">\r\n                  Packet prep is the best place to explore yourself, it's a good learning institute along with placement assistance,I'm one of the student who placed in a good company via packet prep.faculty were very interactive,I boosted up my coding skills here.In my view it's the best institute \ud83d\udc4d,right place for a fresher.\r\n                <\/p>\r\n              <\/div>\r\n            <\/div>\r\n\r\n            <div class=\"card-footer border-0 bg-transparent pt-0 px-5 pb-5\">\r\n              <div class=\"media\">\r\n                <div class=\"avatar avatar-circle mr-3\">\r\n                  <img\r\n                    class=\"avatar-img\"\r\n                    src=\"{{ &r3.jpg }}\"\r\n                    alt=\"Image Description\"\r\n                  \/>\r\n                <\/div>\r\n                <div class=\"media-body\">\r\n                <a href=\"https:\/\/goo.gl\/maps\/jRmHoU7ntNDvqhy86\">\r\n                  <h4 class=\"mb-1\">Abhishek<\/h4>\r\n                  <small class=\"d-block text-body\"\r\n                    >Original Google Review<\/small\r\n                  >\r\n                <\/a>\r\n                <\/div>\r\n              <\/div>\r\n            <\/div>\r\n          <\/div>\r\n          <!-- End rating -->\r\n        <\/div>\r\n        <!-- End rating -->\r\n      <\/div>\r\n      <!-- End Rating Section -->\r\n<\/div>\r\n\r\n<!-- Collapse Section -->\r\n<div class=\"container py-5 py-md-7\">\r\n  <h2 class=\"text-center mb-4\">Frequently Asked Questions<\/h2>\r\n\r\n  <!-- Basics Accordion -->\r\n  <div id=\"basicsAccordion\">\r\n    <!-- Card -->\r\n    <div class=\"card shadow-none mb-3\">\r\n      <div class=\"card-header card-collapse\" id=\"basicsHeadingOne\">\r\n        <a class=\"btn btn-link btn-block d-flex justify-content-between card-btn collapsed bg-white px-0\" href=\"javascript:;\" role=\"button\" data-toggle=\"collapse\" data-target=\"#basicsCollapseOne\" aria-expanded=\"false\" aria-controls=\"basicsCollapseOne\">\r\n          Why choose PacketPrep for job guaranteed training?\r\n\r\n          <span class=\"card-btn-toggle\">\r\n            <span class=\"card-btn-toggle-default\">+<\/span>\r\n            <span class=\"card-btn-toggle-active\">\u2212<\/span>\r\n          <\/span>\r\n        <\/a>\r\n      <\/div>\r\n      <div id=\"basicsCollapseOne\" class=\"collapse\" aria-labelledby=\"basicsHeadingOne\" data-parent=\"#basicsAccordion\">\r\n        <div class=\"card-body px-0\">\r\n          <p><b>To build your dream career! <\/b><br>\r\nOur students can be confident that they will have a job after completing a high-quality training programme with us. Students are free to attend as many interviews as they like until they are hired. We also have a pay-after-placement option available.\r\n<\/p>\r\n        <\/div>\r\n      <\/div>\r\n    <\/div>\r\n    <!-- End Card -->\r\n\r\n    <!-- Card -->\r\n    <div class=\"card shadow-none mb-3\">\r\n      <div class=\"card-header card-collapse\" id=\"basicsHeadingTwo\">\r\n        <a class=\"btn btn-link btn-block d-flex justify-content-between card-btn collapsed bg-white px-0\" href=\"javascript:;\" role=\"button\" data-toggle=\"collapse\" data-target=\"#basicsCollapseTwo\" aria-expanded=\"false\" aria-controls=\"basicsCollapseTwo\">\r\n          Is PacketPrep the best institute for Full-stack java training with placement?\r\n\r\n          <span class=\"card-btn-toggle\">\r\n            <span class=\"card-btn-toggle-default\">+<\/span>\r\n            <span class=\"card-btn-toggle-active\">\u2212<\/span>\r\n          <\/span>\r\n        <\/a>\r\n      <\/div>\r\n      <div id=\"basicsCollapseTwo\" class=\"collapse\" aria-labelledby=\"basicsHeadingTwo\" data-parent=\"#basicsAccordion\">\r\n        <div class=\"card-body px-0\">\r\n          <p>Full-stack java course content in our institute is designed as per the current requirements of the IT industry. When students get quality training from our industry experts they become trained professionals. Our trainers provide personal care to each student based on their training needs. <\/p>\r\n        <\/div>\r\n      <\/div>\r\n    <\/div>\r\n    <!-- End Card -->\r\n\r\n    <!-- Card -->\r\n    <div class=\"card shadow-none mb-3\">\r\n      <div class=\"card-header card-collapse\" id=\"basicsHeadingThree\">\r\n        <a class=\"btn btn-link btn-block d-flex justify-content-between card-btn collapsed bg-white px-0\" href=\"javascript:;\" role=\"button\" data-toggle=\"collapse\" data-target=\"#basicsCollapseThree\" aria-expanded=\"false\" aria-controls=\"basicsCollapseThree\">\r\n          How does PacketPrep pay after placement work?\r\n\r\n          <span class=\"card-btn-toggle\">\r\n            <span class=\"card-btn-toggle-default\">+<\/span>\r\n            <span class=\"card-btn-toggle-active\">\u2212<\/span>\r\n          <\/span>\r\n        <\/a>\r\n      <\/div>\r\n      <div id=\"basicsCollapseThree\" class=\"collapse\" aria-labelledby=\"basicsHeadingThree\" data-parent=\"#basicsAccordion\">\r\n        <div class=\"card-body px-0\">\r\n          <p><b> Get trained, Get Placed. Pay after placement<\/b><br>\r\n\r\nEnrol by paying a nominal amount of the entire amount as an upfront fee and sign the agreement copy. During training, you will not be charged anything. Once you have completed your training, you will be placed. After placement, clear the balance amount.\r\n<\/p>\r\n        <\/div>\r\n      <\/div>\r\n    <\/div>\r\n    <!-- End Card -->\r\n\r\n    <!-- Card -->\r\n    <div class=\"card shadow-none mb-3\">\r\n      <div class=\"card-header card-collapse\" id=\"basicsHeadingFour\">\r\n        <a class=\"btn btn-link btn-block d-flex justify-content-between card-btn collapsed bg-white px-0\" href=\"javascript:;\" role=\"button\" data-toggle=\"collapse\" data-target=\"#basicsCollapseFour\" aria-expanded=\"false\" aria-controls=\"basicsCollapseFour\">\r\n          Does PacketPrep provide classroom & online training?\r\n\r\n          <span class=\"card-btn-toggle\">\r\n            <span class=\"card-btn-toggle-default\">+<\/span>\r\n            <span class=\"card-btn-toggle-active\">\u2212<\/span>\r\n          <\/span>\r\n        <\/a>\r\n      <\/div>\r\n      <div id=\"basicsCollapseFour\" class=\"collapse\" aria-labelledby=\"basicsHeadingFour\" data-parent=\"#basicsAccordion\">\r\n        <div class=\"card-body px-0\">\r\n          <p>Yes. Our online training is of the same high quality as our classroom training. With a smaller or limited student batch, more time will be spent on various training activities that are suited to the students' needs, allowing them to get personal care.<\/p>\r\n        <\/div>\r\n      <\/div>\r\n    <\/div>\r\n    <!-- End Card -->\r\n    <!-- Card -->\r\n    <div class=\"card shadow-none mb-3\">\r\n      <div class=\"card-header card-collapse\" id=\"basicsHeadingFive\">\r\n        <a class=\"btn btn-link btn-block d-flex justify-content-between card-btn collapsed bg-white px-0\" href=\"javascript:;\" role=\"button\" data-toggle=\"collapse\" data-target=\"#basicsCollapseFive\" aria-expanded=\"false\" aria-controls=\"basicsCollapseFour\">\r\n          How long is the placement support given?\r\n          <span class=\"card-btn-toggle\">\r\n            <span class=\"card-btn-toggle-default\">+<\/span>\r\n            <span class=\"card-btn-toggle-active\">\u2212<\/span>\r\n          <\/span>\r\n        <\/a>\r\n      <\/div>\r\n      <div id=\"basicsCollapseFive\" class=\"collapse\" aria-labelledby=\"basicsHeadingFive\" data-parent=\"#basicsAccordion\">\r\n        <div class=\"card-body px-0\">\r\n          <p>Job placement support is provided to you to assist you in finding suitable position for yourself and to assist you in preparing for interviews. We assist you with interview preparation, job hunting, and other prep as required. With One year support, you'll have the opportunity to attend an interview with 30 to 60 companies.<\/p>\r\n        <\/div>\r\n      <\/div>\r\n    <\/div>\r\n    <!-- End Card -->\r\n  <\/div>\r\n  <!-- End Basics Accordion -->\r\n<\/div>\r\n<!-- End Collapse Section -->\r\n\r\n      <div class=\"modal fade\" id=\"exampleModal\" tabindex=\"-1\" role=\"dialog\" aria-labelledby=\"exampleModalLabel\" aria-hidden=\"true\">\r\n  <div class=\"modal-dialog\" role=\"document\">\r\n    <div class=\"modal-content\">\r\n      <div class=\"modal-header\">\r\n        <h5 class=\"modal-title\" id=\"exampleModalLabel\">Fullstack Java Program<\/h5>\r\n        <button type=\"button\" class=\"close\" data-dismiss=\"modal\" aria-label=\"Close\">\r\n          <span aria-hidden=\"true\">&times;<\/span>\r\n        <\/button>\r\n      <\/div>\r\n      <div class=\"modal-body\">\r\n        <div style=\"padding:56.25% 0 0 0;position:relative;\"><iframe src=\"https:\/\/player.vimeo.com\/video\/547888505?badge=0&amp;autopause=0&amp;player_id=0&amp;app_id=58479\" frameborder=\"0\" allow=\"autoplay; fullscreen; picture-in-picture\" allowfullscreen style=\"position:absolute;top:0;left:0;width:100%;height:100%;\" title=\"fullstackjava_packetprep.mp4\"><\/iframe><\/div><script src=\"https:\/\/player.vimeo.com\/api\/player.js\"><\/script>\r\n      <div class=\"modal-footer\">\r\n        <button type=\"button\" class=\"btn btn-secondary\" data-dismiss=\"modal\">Close<\/button>\r\n      <\/div>\r\n    <\/div>\r\n  <\/div>\r\n<\/div>\r\n      <!-- End CTA Section -->\r\n    <\/main>\r\n    <!-- ========== END MAIN ========== -->\r\n    {{@footer}}",
    "html_minified": "<!DOCTYPE html><html lang=\"en\"> <head>  <title>Job Guaranteed Training Program | Java Fullstack | Pay after placement| Hyderabad | Packetprep<\/title>  <meta charset=\"utf-8\" \/> <meta name=\"viewport\" content=\"width=device-width, initial-scale=1, shrink-to-fit=no\" \/><meta name=\"description\" content=\"Excellent training to help you crack a technical job in top MNC where you pay the fee only after placement. \">  <link rel=\"shortcut icon\" href=\"https:\/\/piofx.s3.ap-south-1.amazonaws.com\/themes\/14\/file_logo.jpeg\" \/> <link href=\"https:\/\/unpkg.com\/aos@2.3.1\/dist\/aos.css\" rel=\"stylesheet\" \/>  <link href=\"https:\/\/fonts.googleapis.com\/css?family=Open+Sans:400,600&display=swap\" rel=\"stylesheet\" \/>  <link rel=\"stylesheet\" href=\"\/themes\/front\/vendor\/font-awesome\/css\/all.min.css\" \/> <link rel=\"stylesheet\" href=\"\/themes\/front\/vendor\/hs-mega-menu\/dist\/hs-mega-menu.min.css\" \/> <link rel=\"stylesheet\" href=\"\/themes\/front\/vendor\/slick-carousel\/slick\/slick.css\" \/> <link rel=\"stylesheet\" href=\"\/themes\/front\/vendor\/aos\/dist\/aos.css\" \/>  <link rel=\"stylesheet\" href=\"\/themes\/front\/css\/theme.css\" \/> <link rel=\"stylesheet\" href=\"https:\/\/piofx.s3.ap-south-1.amazonaws.com\/themes\/14\/file_test.css\" \/> <style> html{ overflow-x: hidden; } .small_hero img{ display: none; } @media only screen and (max-width: 768px) { .small_hero img { display: block; box-sizing: border-box; } @media only screen and (max-width: 998px) { .para_line { line-height:28px; } } <\/style> <\/head> <body style=\"overflow-x: hidden;\">  <header id=\"header\" class=\"header center-aligned-navbar header-bg-transparent header-white-nav-links-lg header-abs-top\" style=\"background-color:rgb(35 111 177);\" data-hs-header-options='{ \"fixMoment\": 1000, \"fixEffect\": \"slide\" }'> <div class=\"header-section\"> <div id=\"logoAndNav\" class=\"container\">  <nav class=\"js-mega-menu navbar navbar-expand-lg\"> <div class=\"navbar-nav-wrap\">  <a class=\"navbar-brand navbar-nav-wrap-brand\" href=\"\/\" aria-label=\"Front\"> <img src=\"https:\/\/piofx.s3.ap-south-1.amazonaws.com\/themes\/14\/file_packetPrepLogo.jpeg\" style=\"width: 80px; height: 80px;\" alt=\"Logo\"> <\/a>   <div class=\"navbar-nav-wrap-content text-center\"> <div class=\"mr-3 m-lg-0\"> <a class=\"btn btn-sm btn-light transition-3d-hover\" href=\"\/contact\" > Talk to us <\/a> <\/div> <\/div>   <button type=\"button\" class=\"navbar-toggler navbar-nav-wrap-toggler btn btn-icon btn-sm rounded-circle\" aria-label=\"Toggle navigation\" aria-expanded=\"false\" aria-controls=\"navBar\" data-toggle=\"collapse\" data-target=\"#navBar\"> <span class=\"navbar-toggler-default\"> <svg width=\"14\" height=\"14\" viewBox=\"0 0 18 18\" xmlns=\"http:\/\/www.w3.org\/2000\/svg\"> <path fill=\"currentColor\" d=\"M17.4,6.2H0.6C0.3,6.2,0,5.9,0,5.5V4.1c0-0.4,0.3-0.7,0.6-0.7h16.9c0.3,0,0.6,0.3,0.6,0.7v1.4C18,5.9,17.7,6.2,17.4,6.2z M17.4,14.1H0.6c-0.3,0-0.6-0.3-0.6-0.7V12c0-0.4,0.3-0.7,0.6-0.7h16.9c0.3,0,0.6,0.3,0.6,0.7v1.4C18,13.7,17.7,14.1,17.4,14.1z\" \/> <\/svg> <\/span> <span class=\"navbar-toggler-toggled\"> <svg width=\"14\" height=\"14\" viewBox=\"0 0 18 18\" xmlns=\"http:\/\/www.w3.org\/2000\/svg\"> <path fill=\"currentColor\" d=\"M11.5,9.5l5-5c0.2-0.2,0.2-0.6-0.1-0.9l-1-1c-0.3-0.3-0.7-0.3-0.9-0.1l-5,5l-5-5C4.3,2.3,3.9,2.4,3.6,2.6l-1,1 C2.4,3.9,2.3,4.3,2.5,4.5l5,5l-5,5c-0.2,0.2-0.2,0.6,0.1,0.9l1,1c0.3,0.3,0.7,0.3,0.9,0.1l5-5l5,5c0.2,0.2,0.6,0.2,0.9-0.1l1-1 c0.3-0.3,0.3-0.7,0.1-0.9L11.5,9.5z\" \/> <\/svg> <\/span> <\/button>   <div id=\"navBar\" class=\"collapse navbar-collapse navbar-nav-wrap-collapse\"> <div class=\"navbar-body header-abs-top-inner\"> <ul class=\"navbar-nav\">  <li class=\"hs-has-sub-menu navbar-nav-item mx-3\"> <a id=\"pagesMegaMenu\" class=\"hs-mega-menu-invoker nav-link\" href=\"\/\" aria-haspopup=\"true\" aria-expanded=\"false\" aria-labelledby=\"pagesSubMenu\">Home<\/a>  <div id=\"pagesSubMenu\" class=\"hs-sub-menu \" aria-labelledby=\"pagesMegaMenu\" style=\"min-width: 230px;\"> <\/div>  <\/li>   <li class=\"hs-has-sub-menu navbar-nav-item mr-2\"> <a id=\"testsMegaMenu\" class=\"hs-mega-menu-invoker nav-link \" href=\"javascript:;\" aria-haspopup=\"true\" aria-expanded=\"false\" aria-labelledby=\"testsSubMenu\">Prepare<i class=\"fas fa-chevron-down ml-1 pb-2\"><\/i><\/a> <div id=\"pagesSubMenu\" class=\"hs-sub-menu dropdown-menu\" aria-labelledby=\"pagesMegaMenu\" style=\"min-width: 230px;\"> <div class=\"d-flex\"> <div> <a href=\"\/quantitative-aptitude\" class=\"dropdown-item\">Quantitative Aptitude<\/a> <a href=\"\/logical-reasoning\" class=\"dropdown-item\">Logical Reasoning<\/a> <a href=\"\/verbal-ability\" class=\"dropdown-item\">Verbal Ability<\/a> <a href=\"\/interview-skills\" class=\"dropdown-item\">Interview Skills<\/a> <a href=\"\/programming-concepts\" class=\"dropdown-item\">Programming Concepts<\/a> <a href=\"\/coding-for-interviews\" class=\"dropdown-item\">Coding for Interviews<\/a> <\/div> <div > <a href=\"\/targettcs\" class=\"dropdown-item\">TCS NQT<\/a> <a href=\"\/wipro-national-talent-hunt\" class=\"dropdown-item\">Wipro NTH<\/a> <a href=\"\/infytq\" class=\"dropdown-item\">InfyTQ<\/a> <a href=\"\/blog\/category\/placement-prep\" class=\"dropdown-item\">Other Companies<\/a> <\/div> <\/div> <\/div> <\/li>   <li class=\"hs-has-sub-menu navbar-nav-item mx-3\"> <a id=\"pagesMegaMenu\" class=\"hs-mega-menu-invoker nav-link\" href=\"#\" aria-haspopup=\"true\" aria-expanded=\"false\" aria-labelledby=\"pagesSubMenu\">Job Training<i class=\"fas fa-chevron-down ml-1 pb-2\"><\/i><\/a>  <div id=\"testsSubMenu\" class=\"hs-sub-menu dropdown-menu \" aria-labelledby=\"testsMegaMenu\" style=\"min-width: 230px;\"> <div> <a href=\"\/fullstack-java\" class=\"dropdown-item\">Fullstack Java with Placement<\/a> <a href=\"\/curriculum\" class=\"dropdown-item\">Curriculum<\/a> <a href=\"\/fees\" class=\"dropdown-item\">Fee Structure<\/a> <\/div> <\/div>  <\/li>   <li class=\"hs-has-sub-menu navbar-nav-item mx-3\"> <a id=\"pagesMegaMenu\" class=\"hs-mega-menu-invoker nav-link\" href=\"#\" aria-haspopup=\"true\" aria-expanded=\"false\" aria-labelledby=\"pagesSubMenu\">Resources<i class=\"fas fa-chevron-down ml-1 pb-2\"><\/i><\/a>  <div id=\"testsSubMenu\" class=\"hs-sub-menu dropdown-menu \" aria-labelledby=\"testsMegaMenu\" style=\"min-width: 230px;\"> <div> <a href=\"\/telegram\" class=\"dropdown-item\" target=\"_blank\">Telegram Channel<\/a> <a href=\"https:\/\/learn.packetprep.com\" class=\"dropdown-item\" target=\"_blank\">Learning Portal<\/a> <a href=\"\/free-practice-tests\" class=\"dropdown-item\">Free Practice Tests<\/a> <a href=\"\/firstacademy\" class=\"dropdown-item\">FREE IELTS & GRE Test<\/a> <\/div> <\/div>  <\/li>   <li class=\"hs-has-sub-menu navbar-nav-item mx-3\"> <a id=\"blogMegaMenu\" class=\"hs-mega-menu-invoker nav-link \" href=\"\/blog\" aria-haspopup=\"true\" aria-expanded=\"false\" aria-labelledby=\"blogSubMenu\">Blog<\/a>  <div id=\"blogSubMenu\" class=\"hs-sub-menu \" aria-labelledby=\"blogMegaMenu\" style=\"min-width: 230px;\"> <\/div>  <\/li>  <\/ul> <\/div> <\/div>  <\/div> <\/nav>  <\/div> <\/div> <\/header>  <div style=\"background:#e0f0ff\"> <main class=\"container space-top-3 space-bottom-2\" > <div class=\" mt-5\"> <div class=\"\"> <div class=\"container space-top-1 space-bottom-1\"> <div class=\"row justify-content-lg-between align-items-md-center\"> <div class=\"col-md-6 col-lg-7 \"> <div class=\"mb-5\"> <h1 class=\"display-1 mb-3\">Get <span class=\" text-primary text-highlight-warning\"> <span class=\"js-text-animation\"><\/span> <\/span><\/h1> <p class=\"h2\">Fullstack Java Training with<br> pay after placement<\/p> <\/div> <a class=\"js-go-to position-static btn btn-primary btn-wide transition-3d-hover\" href=\"javascript:;\" data-hs-go-to-options='{ \"targetSelector\": \"#caseStudies\", \"offsetTop\": 0, \"position\": null, \"animationIn\": false, \"animationOut\": false }'> Apply Now <\/a> <a class=\"btn btn-link btn-wide\" href=\"\/fullstack-java\">Learn More <i class=\"fas fa-angle-right fa-sm ml-1\"><\/i><\/a> <\/div> <div class=\"col-md-6 col-lg-5\"> <div class=\"d-none d-md-block\"> <img class=\"img-fluid rounded float-right w-100\" src=\"https:\/\/piofx.s3.ap-south-1.amazonaws.com\/themes\/14\/file_pp_header_a.png\" alt=\"Image Description\"> <div class=\"position-absolute top-0 right-0 w-100 h-100 bg-light rounded z-index-n1 mt-5 mr-n5\"><\/div> <\/div> <\/div> <\/div> <\/div><\/div> <\/div><\/main><\/div> <main id=\"content\" style=\"background:white\">    <div class=\"py-5 py-md-7\"> <div class=\"container \"> <div class=\"text-center mb-5\"> <h2>Our students are placed in<\/h2> <\/div> <div class=\"row text-center\"> <div class=\"col-4 col-md-2\"> <img class=\"max-w-11rem max-w-md-13rem mx-auto my-2\" src=\"https:\/\/piofx.s3.ap-south-1.amazonaws.com\/themes\/14\/file_tcs.jpg\" alt=\"Image Description\" \/> <\/div> <div class=\"col-4 col-md-2\"> <img class=\"max-w-11rem max-w-md-13rem mx-auto my-2\" src=\"https:\/\/piofx.s3.ap-south-1.amazonaws.com\/themes\/14\/file_wipro.jpg\" alt=\"Image Description\" \/> <\/div> <div class=\"col-4 col-md-2\"> <img class=\"max-w-11rem max-w-md-13rem mx-auto my-2\" src=\"https:\/\/piofx.s3.ap-south-1.amazonaws.com\/themes\/14\/file_infosys.jpg\" alt=\"Image Description\" \/> <\/div> <div class=\"col-4 col-md-2\"> <img class=\"max-w-11rem max-w-md-13rem mx-auto my-2\" src=\"https:\/\/piofx.s3.ap-south-1.amazonaws.com\/themes\/14\/file_accenture.jpg\" alt=\"Image Description\" \/> <\/div> <div class=\"col-4 col-md-2\"> <img class=\"max-w-11rem max-w-md-13rem mx-auto my-2\" src=\"https:\/\/piofx.s3.ap-south-1.amazonaws.com\/themes\/14\/file_cognizant.jpg\" alt=\"Image Description\" \/> <\/div> <div class=\"col-4 col-md-2\"> <img class=\"max-w-11rem max-w-md-13rem mx-auto my-2\" src=\"https:\/\/piofx.s3.ap-south-1.amazonaws.com\/themes\/14\/file_capgemini.jpg\" alt=\"Image Description\" \/> <\/div> <\/div> <div class=\"row text-center\"> <div class=\"col-4 col-md-2\"> <img class=\"max-w-11rem max-w-md-13rem mx-auto my-2\" src=\"https:\/\/piofx.s3.ap-south-1.amazonaws.com\/themes\/14\/file_hcl.jpg\" alt=\"Image Description\" \/> <\/div> <div class=\"col-4 col-md-2\"> <img class=\"max-w-11rem max-w-md-13rem mx-auto my-2\" src=\"https:\/\/piofx.s3.ap-south-1.amazonaws.com\/themes\/14\/file_dell.jpg\" alt=\"Image Description\" \/> <\/div> <div class=\"col-4 col-md-2\"> <img class=\"max-w-11rem max-w-md-13rem mx-auto my-2\" src=\"https:\/\/piofx.s3.ap-south-1.amazonaws.com\/themes\/14\/file_cyient.jpg\" alt=\"Image Description\" \/> <\/div> <div class=\"col-4 col-md-2\"> <img class=\"max-w-11rem max-w-md-13rem mx-auto my-2\" src=\"https:\/\/piofx.s3.ap-south-1.amazonaws.com\/themes\/14\/file_techmahindra.jpg\" alt=\"Image Description\" \/> <\/div> <div class=\"col-4 col-md-2\"> <img class=\"max-w-11rem max-w-md-13rem mx-auto my-2\" src=\"https:\/\/piofx.s3.ap-south-1.amazonaws.com\/themes\/14\/file_amazon.jpg\" alt=\"Image Description\" \/> <\/div> <div class=\"col-4 col-md-2\"> <img class=\"max-w-11rem max-w-md-13rem mx-auto my-2\" src=\"https:\/\/piofx.s3.ap-south-1.amazonaws.com\/themes\/14\/file_wipro.jpg\" alt=\"Image Description\" \/> <\/div> <\/div> <div class=\"row text-center mt-md-2\"> <div class=\"col-4 col-md-2\"> <img class=\"max-w-11rem max-w-md-13rem mx-auto my-3\" src=\"https:\/\/piofx.s3.ap-south-1.amazonaws.com\/themes\/14\/file_sumtotal.png\" alt=\"Image Description\" \/> <\/div> <div class=\"col-4 col-md-2\"> <img class=\"max-w-11rem max-w-md-13rem mx-auto my-3\" src=\"https:\/\/piofx.s3.ap-south-1.amazonaws.com\/themes\/14\/file_bristlecone.png\" alt=\"Image Description\" \/> <\/div> <div class=\"col-4 col-md-2\"> <img class=\"max-w-11rem max-w-md-13rem mx-auto my-3\" src=\"https:\/\/piofx.s3.ap-south-1.amazonaws.com\/themes\/14\/file_globalogic.png\" alt=\"Image Description\" \/> <\/div> <div class=\"col-4 col-md-2\"> <img class=\"max-w-11rem max-w-md-13rem mx-auto my-3\" src=\"https:\/\/piofx.s3.ap-south-1.amazonaws.com\/themes\/14\/file_netenrich2.png\" alt=\"Image Description\" \/> <\/div> <div class=\"col-4 col-md-2\"> <img class=\"max-w-11rem max-w-md-13rem mx-auto my-3\" src=\"https:\/\/piofx.s3.ap-south-1.amazonaws.com\/themes\/14\/file_yupptv.png\" alt=\"Image Description\" \/> <\/div> <div class=\"col-4 col-md-2\"> <img class=\"max-w-11rem max-w-md-13rem mx-auto my-3\" src=\"https:\/\/piofx.s3.ap-south-1.amazonaws.com\/themes\/14\/file_qualitlabs.png\" alt=\"Image Description\" \/> <\/div> <\/div> <div class=\"row text-center mt-md-1\"> <div class=\"col-4 col-md-2\"> <img class=\"max-w-11rem max-w-md-13rem mx-auto my-3\" src=\"https:\/\/piofx.s3.ap-south-1.amazonaws.com\/themes\/14\/file_deloitte.jpg\" alt=\"Image Description\" \/> <\/div> <div class=\"col-4 col-md-2\"> <img class=\"max-w-11rem max-w-md-13rem mx-auto my-3\" src=\"https:\/\/piofx.s3.ap-south-1.amazonaws.com\/themes\/14\/file_virtusa2.jpg\" alt=\"Image Description\" \/> <\/div> <div class=\"col-4 col-md-2\"> <img class=\"max-w-11rem max-w-md-13rem mx-auto my-3\" src=\"https:\/\/piofx.s3.ap-south-1.amazonaws.com\/themes\/14\/file_zenq2.png\" alt=\"Image Description\" \/> <\/div> <div class=\"col-4 col-md-2\"> <img class=\"max-w-11rem max-w-md-13rem mx-auto my-3\" src=\"https:\/\/piofx.s3.ap-south-1.amazonaws.com\/themes\/14\/file_mphasis.png\" alt=\"Image Description\" \/> <\/div> <div class=\"col-4 col-md-2\"> <img class=\"max-w-11rem max-w-md-13rem mx-auto my-3\" src=\"https:\/\/piofx.s3.ap-south-1.amazonaws.com\/themes\/14\/file_machint2.png\" alt=\"Image Description\" \/> <\/div> <div class=\"col-4 col-md-2\"> <img class=\"max-w-11rem max-w-md-13rem mx-auto my-3\" src=\"https:\/\/piofx.s3.ap-south-1.amazonaws.com\/themes\/14\/file_invesco.jpg\" alt=\"Image Description\" \/> <\/div> <\/div> <\/div> <\/div> <div class=\"py-5 py-md-7\" style=\"background:#eff7ff\"> <div class=\"container \" > <div class=\"text-center mb-5 \"> <h2>Success Stories<\/h2> <p>More than us, its all about our students and their efforts<br> Listen to <a href=\"https:\/\/tech.packetprep.com\/testimonial\">what our students say<\/a><\/p> <\/div> <div class=\"container\"> <div class=\"row mx-n2\"> <div class=\"col-6 col-md px-2 mb-3\"> <div class=\"h-250rem bg-img-hero rounded\" style=\"background-image: url(https:\/\/i.vimeocdn.com\/video\/845642180-0196181cb2da4a9ff9b35a63b782b92a009e463670f656939a5a007adbed4079-d?mw=700&mh=395&q=70);\"><\/div> <\/div> <div class=\"col-md-3 d-none d-md-block px-2 mb-3\"> <div class=\"h-250rem bg-img-hero rounded\" style=\"background-image: url(https:\/\/i.vimeocdn.com\/video\/845641273-d6c96b046eae1a0585ac0bb70ce0fbb65beab0feacc0090cc09e7c7fa5ce4eb7-d?mw=700&mh=395&q=70);\"><\/div> <\/div> <div class=\"col-6 col-md px-2 mb-3\"> <div class=\"h-250rem bg-img-hero rounded\" style=\"background-image: url(https:\/\/i.vimeocdn.com\/video\/845642021-3c3c2becc98c513a42cc80326228c79d4aeb15e0a180e1a32927a11bf087ca34-d?mw=700&mh=395&q=70);\"><\/div> <\/div> <div class=\"w-100\"><\/div> <div class=\"col-6 col-md px-2 mb-3 mb-md-0\"> <div class=\"h-250rem bg-img-hero rounded\" style=\"background-image: url(https:\/\/i.vimeocdn.com\/video\/845640782-e65500bdd7461b2ac621d35dc3a47e1cbd02ca9cd9c110c9d4986c248d5ee01f-d?mw=700&mh=395&q=70);\"><\/div> <\/div> <div class=\"col-md-4 d-none d-md-block px-2 mb-3 mb-md-0\"> <div class=\"h-250rem bg-img-hero rounded\" style=\"background-image: url(https:\/\/i.vimeocdn.com\/video\/845641065-36d1c3fadadd7fd8c1dc8bc3f3ac0539f4aec51fac130632b5b8ffb1d14d26ee-d?mw=700&mh=395&q=70);\"><\/div> <\/div> <div class=\"col-6 col-md px-2\"> <div class=\"h-250rem bg-img-hero rounded\" style=\"background-image: url(https:\/\/i.ytimg.com\/vi\/hAq9UTL6jfM\/maxresdefault.jpg);\"><\/div> <\/div> <\/div><\/div> <\/div><\/div>  <div class=\"container my-5 my-md-7\"> <h2 class=\"text-center\">Why Choose Us?<\/h2> <div class=\"\"> <div class=\"w-lg-100 mx-lg-auto\"> <div class=\"row\"> <div class=\"col-md-6 mb-3 mb-2\">  <div class=\"card h-100 transition-3d-hover\" > <div class=\"card-body\"> <div class=\"media\"> <figure class=\"w-100 max-w-7rem mr-3\"> <img class=\"img-fluid\" src=\"https:\/\/piofx.s3.ap-south-1.amazonaws.com\/themes\/14\/file_quality.png\" alt=\"SVG\"> <\/figure> <div class=\"media-body\"> <h3>Quality Training<\/h3> <p class=\"text-body\">Our experienced faculty provide student-centric training that ensures the highest level of quality. The theory behind the concepts is well-explained, and there is a lot of hands-on project work, which is quite beneficial.<\/p> <\/div> <\/div> <\/div> <\/div>  <\/div> <div class=\"col-md-6 mb-3 mb-2\">  <div class=\"card h-100 transition-3d-hover\" href=\"#\"> <div class=\"card-body\"> <div class=\"media\"> <figure class=\"w-100 max-w-7rem mr-3\"> <img class=\"img-fluid\" src=\"https:\/\/piofx.s3.ap-south-1.amazonaws.com\/themes\/14\/file_classroom.png\" alt=\"SVG\"> <\/figure> <div class=\"media-body\"> <h3>Classroom & Online<\/h3> <p class=\"text-body\">We provide the best classroom & online training with mentor support. All the classes will be recorded and made available to students thereafter, allowing you to catch up on missed classes or use them as a learning tool while studying. <\/p> <\/div> <\/div> <\/div> <\/div>  <\/div> <div class=\"col-md-6 mb-3 mb-2\">  <div class=\"card-body\"> <div class=\"media\"> <figure class=\"w-100 max-w-7rem mr-3\"> <img class=\"img-fluid\" src=\"https:\/\/piofx.s3.ap-south-1.amazonaws.com\/themes\/14\/file_apti.png\" alt=\"SVG\"> <\/figure> <div class=\"media-body\"> <h3>Aptitude<\/h3> <p class=\"text-body\">Our aptitude training materials\/practice tests\/question sets (quantitative, logical thinking, verbal ability) provide all-round learning with strategies, tricks, and methods to help you clear pre-assessments.<\/p> <\/div> <\/div> <\/div>  <\/div> <div class=\"col-md-6 mb-3 mb-2\">  <div class=\"card-body\"> <div class=\"media\"> <figure class=\"w-100 max-w-7rem mr-3\"> <img class=\"img-fluid\" src=\"https:\/\/piofx.s3.ap-south-1.amazonaws.com\/themes\/14\/file_chat.png\" alt=\"SVG\"> <\/figure> <div class=\"media-body\"> <h3>Softskills<\/h3> <p class=\"text-body\"> Soft Skills training is provided in areas including communication, presentation, and interview etiquette. Mock interviews are held to help students build confidence in facing and cracking any interview. <\/p> <\/div> <\/div> <\/div>  <\/div> <div class=\"col-md-6 mb-3 mb-2\">  <div class=\"card-body\"> <div class=\"media\"> <figure class=\"w-100 max-w-7rem mr-3\"> <img class=\"img-fluid\" src=\"https:\/\/piofx.s3.ap-south-1.amazonaws.com\/themes\/14\/file_material.png\" alt=\"SVG\"> <\/figure> <div class=\"media-body\"> <h3>Study Material<\/h3> <p class=\"text-body\">Get access to our online comprehensive and high-quality course material which includes 10,000 practise questions, 300+ in-demand tools and video resources, PDFs, Sample Questions, and the most common or frequently asked Interview Questions (Technical and HR) <\/p> <\/div> <\/div> <\/div>  <\/div> <div class=\"col-md-6 mb-3 mb-2\">  <div class=\"card-body\"> <div class=\"media\"> <figure class=\"w-100 max-w-7rem mr-3\"> <img class=\"img-fluid\" src=\"https:\/\/piofx.s3.ap-south-1.amazonaws.com\/themes\/14\/file_test_2.png\" alt=\"SVG\"> <\/figure> <div class=\"media-body\"> <h3>Mock Tests<\/h3> <p class=\"text-body\">We provide mock tests for all the top corporate companies to assess your level of competency.We conduct weekly assessments to help you analyse and identify your strengths and weaknesses so that you can improve your knowledge and abilities.<\/p> <\/div> <\/div> <\/div>  <\/div> <div class=\"col-md-6 mb-3 mb-2\">  <div class=\"card-body\"> <div class=\"media\"> <figure class=\"w-100 max-w-7rem mr-3\"> <img class=\"img-fluid\" src=\"https:\/\/piofx.s3.ap-south-1.amazonaws.com\/themes\/14\/file_softskills.png\" alt=\"SVG\"> <\/figure> <div class=\"media-body\"> <h3>Unlimited Placements<\/h3> <p class=\"text-body\">We guarantee you a job by allowing you to attend unlimited number of interview calls until you are hired. Our service includes one-year placement support to ensure your success. <\/p> <\/div> <\/div> <\/div>  <\/div> <div class=\"col-md-6 mb-3 mb-2\">  <div class=\"card-body\"> <div class=\"media\"> <figure class=\"w-100 max-w-7rem mr-3\"> <img class=\"img-fluid\" src=\"https:\/\/piofx.s3.ap-south-1.amazonaws.com\/themes\/14\/file_get-money.png\" alt=\"SVG\"> <\/figure> <div class=\"media-body\"> <h3>Pay after Placement<\/h3> <p class=\"text-body\">Packet Prep is the first institute to provide \"pay after placement\" services in Telengana with the lowest upfront fee. With us, Students can pay the majority of the fee after getting placed.<\/p> <\/div> <\/div> <\/div>  <\/div> <\/div> <\/div> <\/div> <\/div> <div class=\"bg-light py-5 py-md-7\">  <div class=\"container \" >  <div class=\" mb-5\"> <h2 class=\"text-center\">What our students have to say<\/h2> <\/div>   <div class=\"card-deck d-block d-lg-flex card-lg-gutters-2\" >  <div class=\"card shadow-none bg-transparent\"> <div class=\"card-body\"> <ul class=\"list-inline text-warning small\"> <li class=\"list-inline-item mx-0\"> <i class=\"fas fa-star\"><\/i> <\/li> <li class=\"list-inline-item mx-0\"> <i class=\"fas fa-star\"><\/i> <\/li> <li class=\"list-inline-item mx-0\"> <i class=\"fas fa-star\"><\/i> <\/li> <li class=\"list-inline-item mx-0\"> <i class=\"fas fa-star\"><\/i> <\/li> <li class=\"list-inline-item mx-0\"> <i class=\"fas fa-star\"><\/i> <\/li> <\/ul> <div class=\"mb-auto\"> <p class=\"mb-0\"> Initially I'm no where in the idea of training or coaching But with packet prep they are providing pay after placement then I have joined them on may from there my training has started it has been very good with them in terms of placements and training\nIt is best for the students who are not able to invest a lot of money for their training in order to get a job.They will provide an excellent placements from different companies <\/p> <\/div> <\/div> <div class=\"card-footer border-0 bg-transparent pt-0 px-5 pb-5\"> <div class=\"media\"> <div class=\"avatar avatar-circle mr-3\"> <img class=\"avatar-img\" src=\"https:\/\/piofx.s3.ap-south-1.amazonaws.com\/themes\/14\/file_r1.png\" alt=\"Image Description\" \/> <\/div> <div class=\"media-body\"> <a href=\"https:\/\/goo.gl\/maps\/CKEdQasV4V5aCW6d7\"> <h4 class=\"mb-1\">Saikrishna Potharaj<\/h4> <small class=\"d-block text-body\" >Original Google Review<\/small > <\/a> <\/div> <\/div> <\/div> <\/div>   <div class=\"card bg-primary text-white shadow-primary-lg\"> <div class=\"card-body\"> <ul class=\"list-inline text-warning small\"> <li class=\"list-inline-item mx-0\"> <i class=\"fas fa-star\"><\/i> <\/li> <li class=\"list-inline-item mx-0\"> <i class=\"fas fa-star\"><\/i> <\/li> <li class=\"list-inline-item mx-0\"> <i class=\"fas fa-star\"><\/i> <\/li> <li class=\"list-inline-item mx-0\"> <i class=\"fas fa-star\"><\/i> <\/li> <li class=\"list-inline-item mx-0\"> <i class=\"fas fa-star\"><\/i> <\/li> <\/ul> <div class=\"mb-auto\"> <p class=\"text-white mb-0\"> It's a good place to learn and skillup your coding knowledge. Trainer's are very interactive to the students. They will providing full stack development training with placement assistance I got placed in a good company. I suggest you to join people who are freshers they will get a job. <\/p> <\/div> <\/div> <div class=\"card-footer border-0 bg-primary text-white pt-0 px-5 pb-5\" > <div class=\"media\"> <div class=\"avatar avatar-circle mr-3\"> <img class=\"avatar-img\" src=\"https:\/\/piofx.s3.ap-south-1.amazonaws.com\/themes\/14\/file_r2.jpg\" alt=\"Image Description\" \/> <\/div> <div class=\"media-body\"> <a href=\"https:\/\/goo.gl\/maps\/W2MNRxsMABSQLCpFA\"> <h4 class=\"text-white mb-1\">Manikanta<\/h4> <small class=\"d-block text-light\" >Original Google Review<\/small > <\/a> <\/div> <\/div> <\/div> <\/div>   <div class=\"card shadow-none bg-transparent\"> <div class=\"card-body\"> <ul class=\"list-inline text-warning small\"> <li class=\"list-inline-item mx-0\"> <i class=\"fas fa-star\"><\/i> <\/li> <li class=\"list-inline-item mx-0\"> <i class=\"fas fa-star\"><\/i> <\/li> <li class=\"list-inline-item mx-0\"> <i class=\"fas fa-star\"><\/i> <\/li> <li class=\"list-inline-item mx-0\"> <i class=\"fas fa-star\"><\/i> <\/li> <li class=\"list-inline-item mx-0\"> <i class=\"fas fa-star\"><\/i> <\/li> <\/ul> <div class=\"mb-auto\"> <p class=\"mb-0\"> Packet prep is the best place to explore yourself, it's a good learning institute along with placement assistance,I'm one of the student who placed in a good company via packet prep.faculty were very interactive,I boosted up my coding skills here.In my view it's the best institute \ud83d\udc4d,right place for a fresher. <\/p> <\/div> <\/div> <div class=\"card-footer border-0 bg-transparent pt-0 px-5 pb-5\"> <div class=\"media\"> <div class=\"avatar avatar-circle mr-3\"> <img class=\"avatar-img\" src=\"https:\/\/piofx.s3.ap-south-1.amazonaws.com\/themes\/14\/file_r3.jpg\" alt=\"Image Description\" \/> <\/div> <div class=\"media-body\"> <a href=\"https:\/\/goo.gl\/maps\/jRmHoU7ntNDvqhy86\"> <h4 class=\"mb-1\">Abhishek<\/h4> <small class=\"d-block text-body\" >Original Google Review<\/small > <\/a> <\/div> <\/div> <\/div> <\/div>  <\/div>  <\/div> <\/div><div class=\"container py-5 py-md-7\"> <h2 class=\"text-center mb-4\">Frequently Asked Questions<\/h2>  <div id=\"basicsAccordion\">  <div class=\"card shadow-none mb-3\"> <div class=\"card-header card-collapse\" id=\"basicsHeadingOne\"> <a class=\"btn btn-link btn-block d-flex justify-content-between card-btn collapsed bg-white px-0\" href=\"javascript:;\" role=\"button\" data-toggle=\"collapse\" data-target=\"#basicsCollapseOne\" aria-expanded=\"false\" aria-controls=\"basicsCollapseOne\"> Why choose PacketPrep for job guaranteed training? <span class=\"card-btn-toggle\"> <span class=\"card-btn-toggle-default\">+<\/span> <span class=\"card-btn-toggle-active\">\u2212<\/span> <\/span> <\/a> <\/div> <div id=\"basicsCollapseOne\" class=\"collapse\" aria-labelledby=\"basicsHeadingOne\" data-parent=\"#basicsAccordion\"> <div class=\"card-body px-0\"> <p><b>To build your dream career! <\/b><br>Our students can be confident that they will have a job after completing a high-quality training programme with us. Students are free to attend as many interviews as they like until they are hired. We also have a pay-after-placement option available.<\/p> <\/div> <\/div> <\/div>   <div class=\"card shadow-none mb-3\"> <div class=\"card-header card-collapse\" id=\"basicsHeadingTwo\"> <a class=\"btn btn-link btn-block d-flex justify-content-between card-btn collapsed bg-white px-0\" href=\"javascript:;\" role=\"button\" data-toggle=\"collapse\" data-target=\"#basicsCollapseTwo\" aria-expanded=\"false\" aria-controls=\"basicsCollapseTwo\"> Is PacketPrep the best institute for Full-stack java training with placement? <span class=\"card-btn-toggle\"> <span class=\"card-btn-toggle-default\">+<\/span> <span class=\"card-btn-toggle-active\">\u2212<\/span> <\/span> <\/a> <\/div> <div id=\"basicsCollapseTwo\" class=\"collapse\" aria-labelledby=\"basicsHeadingTwo\" data-parent=\"#basicsAccordion\"> <div class=\"card-body px-0\"> <p>Full-stack java course content in our institute is designed as per the current requirements of the IT industry. When students get quality training from our industry experts they become trained professionals. Our trainers provide personal care to each student based on their training needs. <\/p> <\/div> <\/div> <\/div>   <div class=\"card shadow-none mb-3\"> <div class=\"card-header card-collapse\" id=\"basicsHeadingThree\"> <a class=\"btn btn-link btn-block d-flex justify-content-between card-btn collapsed bg-white px-0\" href=\"javascript:;\" role=\"button\" data-toggle=\"collapse\" data-target=\"#basicsCollapseThree\" aria-expanded=\"false\" aria-controls=\"basicsCollapseThree\"> How does PacketPrep pay after placement work? <span class=\"card-btn-toggle\"> <span class=\"card-btn-toggle-default\">+<\/span> <span class=\"card-btn-toggle-active\">\u2212<\/span> <\/span> <\/a> <\/div> <div id=\"basicsCollapseThree\" class=\"collapse\" aria-labelledby=\"basicsHeadingThree\" data-parent=\"#basicsAccordion\"> <div class=\"card-body px-0\"> <p><b> Get trained, Get Placed. Pay after placement<\/b><br>Enrol by paying a nominal amount of the entire amount as an upfront fee and sign the agreement copy. During training, you will not be charged anything. Once you have completed your training, you will be placed. After placement, clear the balance amount.<\/p> <\/div> <\/div> <\/div>   <div class=\"card shadow-none mb-3\"> <div class=\"card-header card-collapse\" id=\"basicsHeadingFour\"> <a class=\"btn btn-link btn-block d-flex justify-content-between card-btn collapsed bg-white px-0\" href=\"javascript:;\" role=\"button\" data-toggle=\"collapse\" data-target=\"#basicsCollapseFour\" aria-expanded=\"false\" aria-controls=\"basicsCollapseFour\"> Does PacketPrep provide classroom & online training? <span class=\"card-btn-toggle\"> <span class=\"card-btn-toggle-default\">+<\/span> <span class=\"card-btn-toggle-active\">\u2212<\/span> <\/span> <\/a> <\/div> <div id=\"basicsCollapseFour\" class=\"collapse\" aria-labelledby=\"basicsHeadingFour\" data-parent=\"#basicsAccordion\"> <div class=\"card-body px-0\"> <p>Yes. Our online training is of the same high quality as our classroom training. With a smaller or limited student batch, more time will be spent on various training activities that are suited to the students' needs, allowing them to get personal care.<\/p> <\/div> <\/div> <\/div>   <div class=\"card shadow-none mb-3\"> <div class=\"card-header card-collapse\" id=\"basicsHeadingFive\"> <a class=\"btn btn-link btn-block d-flex justify-content-between card-btn collapsed bg-white px-0\" href=\"javascript:;\" role=\"button\" data-toggle=\"collapse\" data-target=\"#basicsCollapseFive\" aria-expanded=\"false\" aria-controls=\"basicsCollapseFour\"> How long is the placement support given? <span class=\"card-btn-toggle\"> <span class=\"card-btn-toggle-default\">+<\/span> <span class=\"card-btn-toggle-active\">\u2212<\/span> <\/span> <\/a> <\/div> <div id=\"basicsCollapseFive\" class=\"collapse\" aria-labelledby=\"basicsHeadingFive\" data-parent=\"#basicsAccordion\"> <div class=\"card-body px-0\"> <p>Job placement support is provided to you to assist you in finding suitable position for yourself and to assist you in preparing for interviews. We assist you with interview preparation, job hunting, and other prep as required. With One year support, you'll have the opportunity to attend an interview with 30 to 60 companies.<\/p> <\/div> <\/div> <\/div>  <\/div> <\/div> <div class=\"modal fade\" id=\"exampleModal\" tabindex=\"-1\" role=\"dialog\" aria-labelledby=\"exampleModalLabel\" aria-hidden=\"true\"> <div class=\"modal-dialog\" role=\"document\"> <div class=\"modal-content\"> <div class=\"modal-header\"> <h5 class=\"modal-title\" id=\"exampleModalLabel\">Fullstack Java Program<\/h5> <button type=\"button\" class=\"close\" data-dismiss=\"modal\" aria-label=\"Close\"> <span aria-hidden=\"true\">&times;<\/span> <\/button> <\/div> <div class=\"modal-body\"> <div style=\"padding:56.25% 0 0 0;position:relative;\"><iframe src=\"https:\/\/player.vimeo.com\/video\/547888505?badge=0&amp;autopause=0&amp;player_id=0&amp;app_id=58479\" frameborder=\"0\" allow=\"autoplay; fullscreen; picture-in-picture\" allowfullscreen style=\"position:absolute;top:0;left:0;width:100%;height:100%;\" title=\"fullstackjava_packetprep.mp4\"><\/iframe><\/div><script src=\"https:\/\/player.vimeo.com\/api\/player.js\"><\/script> <div class=\"modal-footer\"> <button type=\"button\" class=\"btn btn-secondary\" data-dismiss=\"modal\">Close<\/button> <\/div> <\/div> <\/div><\/div>  <\/main>  <div style=\"background: #165083;\"> <div class=\"container space-1\"> <div class=\"row justify-content-lg-between align-items-lg-center text-center text-lg-left\"> <div class=\"col-lg-7 mb-5 mb-lg-0\"> <h2 class=\"text-white mb-0\">Attend placement drives with us<\/h2> <p class=\"text-light\">Enrol for fullstack java with pay after placement<\/p> <\/div> <div class=\"col-lg-5 text-lg-right\"> <a class=\"btn btn-info btn-wide btn-pill transition-3d-hover mx-1 mb-2\" href=\"\/apply\">Apply Now<\/a> <a class=\"btn btn-light btn-wide btn-pill transition-3d-hover mx-1 mb-2\" href=\"\/fullstack-java\">Learn More<\/a> <\/div> <\/div> <\/div><\/div><footer style=\"background: #023460;\"> <div class=\"container\"> <div class=\"space-top-1 space-bottom-1 space-bottom-lg-1\"> <div class=\"row justify-content-lg-between\"> <div class=\"col-12 col-lg-3 ml-lg-auto mb-2 mb-lg-0\">  <div class=\"mb-3\"> <a href=\"#\"> <img class=\"brand w-75\" src=\"https:\/\/piofx.s3.ap-south-1.amazonaws.com\/themes\/14\/file_pp_logo_white_100.png\" alt=\"Logo\"> <\/a> <\/div>   <ul class=\"nav nav-sm nav-x-0 nav-white flex-column\"> <li class=\"nav-item\"> <h4 class=\"text-light\">PacketPrep<\/h4> <h6 class=\"\" style=\"color:#175083\">Head Office<\/h6> <a class=\"nav-link media\" href=\"https:\/\/g.page\/packetprepjobs\"> <span class=\"media\"> <span class=\"fas fa-location-arrow mt-1 mr-2\"><\/span> <span class=\"media-body\"> 2nd Floor, Oyester Uptown, Beside Durgam Cheruvu Metro Station, Madhapur, Hyderabad, Telengana, 500081. <\/span> <\/span> <\/a> <\/li> <li class=\"nav-item\"> <span class=\"media nav-link\"> <span class=\"fas fa-phone-alt mt-1 mr-2\"><\/span> <span class=\"media-body\"> <a class=\"media\" href=\"tel:+919000045750\" style=\"color:white;font-size: 0.875rem;\"> +91 90000 45750 <\/a> <\/span> <\/span> <\/li> <\/ul>  <\/div> <div class=\"col-6 col-lg-2\"> <h5 class=\"text-white\">Our Company<\/h5>  <ul class=\"nav nav-sm nav-x-0 nav-white flex-column\"> <li class=\"nav-item\"><a class=\"nav-link\" href=\"\/about\">About<\/a><\/li> <li class=\"nav-item\"><a class=\"nav-link\" href=\"https:\/\/g.page\/packetprepjobs\" target=\"_blank\">Reviews<\/a><\/li> <li class=\"nav-item\"><a class=\"nav-link\" href=\"\/testimonial\">Testimonials<\/a><\/li> <li class=\"nav-item\"><a class=\"nav-link\" href=\"\/blog\">Blog<\/a><\/li> <li class=\"nav-item\"><a class=\"nav-link\" href=\"\/contact\">Contact<\/a><\/li> <\/ul> <\/div> <div class=\"col-6 col-lg-4\">  <h5 class=\"text-white\">Prepare<\/h5> <div class=\"row\"> <div class=\"col-12 col-lg-6\">  <ul class=\"nav nav-sm nav-x-0 nav-white flex-column\"> <li class=\"nav-item\"><a class=\"nav-link\" href=\"\/quantitative-aptitude\">Quantitative Aptitude<\/a><\/li> <li class=\"nav-item\"><a class=\"nav-link\" href=\"\/logical-reasoning\">Logical Reasoning<\/a><\/li> <li class=\"nav-item\"><a class=\"nav-link\" href=\"\/verbal-ability\">Verbal Ability<\/a><\/li> <li class=\"nav-item\"><a class=\"nav-link\" href=\"\/interview-skills\">Interview Skills<\/a><\/li> <li class=\"nav-item\"><a class=\"nav-link\" href=\"\/programming-concepts\">Programming Concepts <\/a><\/li> <li class=\"nav-item\"><a class=\"nav-link\" href=\"\/coding-for-interviews\">Coding for Interviews<\/a><\/li> <\/ul>  <\/div> <div class=\"col-12 col-lg-6\">  <ul class=\"nav nav-sm nav-x-0 nav-white flex-column\"> <li class=\"nav-item\"><a class=\"nav-link\" href=\"\/targettcs\">TCS NQT<\/a><\/li> <li class=\"nav-item\"><a class=\"nav-link\" href=\"\/wipro-national-talent-hunt\">Wipro NTH<\/a><\/li> <li class=\"nav-item\"><a class=\"nav-link\" href=\"\/infytq\">InfyTQ<\/a><\/li> <li class=\"nav-item\"><a class=\"nav-link\" href=\"\/blog\/category\/placement-prep\">All Companies<\/a><\/li> <\/ul>  <\/div> <\/div> <\/div> <div class=\"col-12 col-lg-3\"> <h5 class=\"text-white\">Resources<\/h5>  <ul class=\"nav nav-sm nav-x-0 nav-white flex-column\"> <li class=\"nav-item\"><a class=\"nav-link\" href=\"\/telegram\" target=\"_blank\">Telegram Channel<\/a><\/li> <li class=\"nav-item\"><a class=\"nav-link\" href=\"https:\/\/learn.packetprep.com\" target=\"_blank\">Learning Portal<\/a><\/li> <li class=\"nav-item\"><a class=\"nav-link\" href=\"\/free-practice-tests\">Free Practice Tests<\/a><\/li> <li class=\"nav-item\"><a class=\"nav-link\" href=\"\/firstacademy\">Free GRE & IELTS Test<\/a><\/li> <\/ul>  <\/div> <\/div> <\/div> <hr class=\"opacity-xs my-0\"> <div class=\"py-3\"> <div class=\"row align-items-md-center mb-3\"> <div class=\"col-md-6 mb-4 mb-md-0\">  <ul class=\"nav nav-sm nav-white nav-x-sm align-items-center\"> <li class=\"nav-item\"> <a class=\"nav-link\" href=\"\/privacy\">Privacy &amp; Policy<\/a> <\/li> <li class=\"nav-item opacity mx-3\">&#47;<\/li> <li class=\"nav-item\"> <a class=\"nav-link\" href=\"\/terms\">Terms & Services<\/a> <\/li> <li class=\"nav-item opacity mx-3\">&#47;<\/li> <li class=\"nav-item\"> <a class=\"nav-link\" href=\"\/refund\">Refund & Cancellation<\/a> <\/li> <\/ul>  <\/div> <div class=\"col-md-6 text-md-right\"> <ul class=\"list-inline mb-0\">  <li class=\"list-inline-item\"> <a class=\"btn btn-xs btn-icon btn-soft-light\" href=\"https:\/\/www.facebook.com\/packetprep\" target=\"_blank\"> <i class=\"fab fa-facebook-f\"><\/i> <\/a> <\/li> <li class=\"list-inline-item\"> <a class=\"btn btn-xs btn-icon btn-soft-light\" href=\"https:\/\/www.instagram.com\/packetprep\" target=\"_blank\"> <i class=\"fab fa-instagram\"><\/i> <\/a> <\/li> <li class=\"list-inline-item\"> <a class=\"btn btn-xs btn-icon btn-soft-light\" href=\"\/telegram\" target=\"_blank\"> <i class=\"fab fa-telegram\"><\/i> <\/a> <\/li> <li class=\"list-inline-item\"> <a class=\"btn btn-xs btn-icon btn-soft-light\" href=\"https:\/\/www.youtube.com\/packetprep\" target=\"_blank\"> <i class=\"fab fa-youtube\"><\/i> <\/a> <\/li>  <\/ul> <\/div> <\/div>  <div class=\"w-md-75 text-lg-center mx-lg-auto\"> <p class=\"text-white opacity-sm small\">&copy; 2021 Quedb Edtech Private Limited. All rights reserved.<\/p> <p class=\"text-white opacity-sm small\">When you visit or interact with our sites, services or tools, we or our authorised service providers may use cookies for storing information to help provide you with a better, faster and safer experience and for marketing purposes.<\/p> <\/div>  <\/div> <\/div><\/footer>  <a class=\"js-go-to go-to position-fixed\" href=\"javascript:;\" style=\"visibility: hidden\" data-hs-go-to-options='{ \"offsetTop\": 700, \"position\": { \"init\": { \"right\": 15 }, \"show\": { \"bottom\": 15 }, \"hide\": { \"bottom\": -15 } } }' > <i class=\"fas fa-angle-up\"><\/i> <\/a>   <script src=\"\/themes\/front\/vendor\/jquery\/dist\/jquery.min.js\"><\/script> <script src=\"\/themes\/front\/vendor\/jquery-migrate\/dist\/jquery-migrate.min.js\"><\/script> <script src=\"\/themes\/front\/vendor\/bootstrap\/dist\/js\/bootstrap.bundle.min.js\"><\/script>  <script src=\"\/themes\/front\/vendor\/hs-header\/dist\/hs-header.min.js\"><\/script> <script src=\"\/themes\/front\/vendor\/hs-go-to\/dist\/hs-go-to.min.js\"><\/script> <script src=\"\/themes\/front\/vendor\/hs-unfold\/dist\/hs-unfold.min.js\"><\/script> <script src=\"\/themes\/front\/vendor\/hs-mega-menu\/dist\/hs-mega-menu.min.js\"><\/script> <script src=\"\/themes\/front\/vendor\/slick-carousel\/slick\/slick.js\"><\/script> <script src=\"\/themes\/front\/vendor\/jquery-validation\/dist\/jquery.validate.min.js\"><\/script> <script src=\"\/themes\/front\/vendor\/typed.js\/lib\/typed.min.js\"><\/script> <script src=\"\/themes\/front\/vendor\/aos\/dist\/aos.js\"><\/script>  <script src=\"\/themes\/front\/js\/hs.core.js\"><\/script> <script src=\"\/themes\/front\/js\/hs.slick-carousel.js\"><\/script> <script src=\"\/themes\/front\/js\/hs.validation.js\"><\/script> <script src=\"https:\/\/unpkg.com\/aos@2.3.1\/dist\/aos.js\"><\/script> <script src=\"https:\/\/cdn.jsdelivr.net\/npm\/canvas-confetti@1.4.0\/dist\/confetti.browser.min.js\"><\/script> <script src=\"\/js\/test.js\"><\/script> <script src=\"\/js\/testpp.js\"><\/script> <script src=\"\/js\/testjson.js\"><\/script> <script src=\"\/js\/contact.js\"><\/script> <script> AOS.init(); <\/script>  <script> $(document).on(\"ready\", function () { var header = new HSHeader($(\"#header\")).init(); var megaMenu = new HSMegaMenu($(\".js-mega-menu\"), { desktop: { position: \"left\", }, }).init(); var unfold = new HSUnfold(\".js-hs-unfold-invoker\").init(); $(\".js-slick-carousel\").each(function () { var slickCarousel = $.HSCore.components.HSSlickCarousel.init($(this)); }); $(\".js-validate\").each(function () { var validation = $.HSCore.components.HSValidation.init($(this)); }); var typed = new Typed(\".js-text-animation\", { strings: [\"Trained\", \"Placed\"], typeSpeed: 70, loop: true, backSpeed: 40, backDelay: 2000 }); AOS.init({ duration: 650, once: true, });  }); <\/script> <\/body><\/html>",
    "settings": "{\"date1\":\"24th May 2021\",\"slot1\":\"7:30 am to 9:30 am\",\"date2\":\"7th June 2021\",\"slot2\":\"4:00 pm to 6:00 pm\",\"date3\":\"21st June 2021\",\"slot3\":\"6:30 pm to 8:30 pm\",\"date4\":\"5th July 2021\",\"slot4\":\"7:30 am to 9:30 am\",\"date5\":\"19th July 2021\",\"slot5\":\"4:00 pm to 6:00 pm\"}",
    "admin": 1,
    "client_id": 12,
    "theme_id": 14,
    "agency_id": 1,
    "user_id": 43,
    "status": 1,
    "created_at": "2021-03-02T15:05:10.000000Z",
    "updated_at": "2021-10-13T08:21:47.000000Z"
}