{
    "id": 2,
    "name": "Toast 5",
    "slug": "toast-5",
    "html": "<div class=\"toast piofx_toast piofx_toast_t_r ml-2\" role=\"alert\" aria-live=\"assertive\" aria-atomic=\"true\"\n    data-time=\"1000\">\n    <div class=\"toast-body text-center py-5 px-3\" style=\"max-width: 17rem;\">\n        <div class=\"alert alert-soft-primary\" role=\"alert\">\n            This is a soft primary alert\u2014check it out!\n            <i class=\"fas fa-times text-white text-right close mr-2 mt-2\" style=\"font-size: 1.5rem; cursor: pointer;\"\n                onclick=\"close_toast();\"><\/i>\n        <\/div>\n    <\/div>\n<\/div>",
    "html_minified": "<div class=\"toast piofx_toast piofx_toast_t_r ml-2\" role=\"alert\" aria-live=\"assertive\" aria-atomic=\"true\" data-time=\"1000\"> <div class=\"toast-body text-center py-5 px-3\" style=\"max-width: 17rem;\"> <div class=\"alert alert-soft-primary\" role=\"alert\"> This is a soft primary alert\u2014check it out! <i class=\"fas fa-times text-white text-right close mr-2 mt-2\" style=\"font-size: 1.5rem; cursor: pointer;\" onclick=\"close_toast();\"><\/i> <\/div> <\/div><\/div>",
    "settings": "null",
    "admin": 0,
    "client_id": 1,
    "agency_id": 1,
    "theme_id": 7,
    "user_id": 1,
    "status": 1,
    "created_at": "2021-08-17T07:23:48.000000Z",
    "updated_at": "2021-08-17T07:23:48.000000Z"
}