{
    "id": 12,
    "name": "Chat Message",
    "slug": "chat-message",
    "html": "<div class=\"chat_message\">\n    <i class=\"fas fa-times text-dark text-right close\" style=\"font-size: 1.5rem; cursor: pointer;\"\n        onclick=\"hide_message();\"><\/i>\n    <p>\ud83d\udc4b Do you have any queries? I'm here to help you find your way<\/p>\n<\/div>",
    "html_minified": "<div class=\"chat_message\"> <i class=\"fas fa-times text-dark text-right close\" style=\"font-size: 1.5rem; cursor: pointer;\" onclick=\"hide_message();\"><\/i> <p>\ud83d\udc4b Do you have any queries? I'm here to help you find your way<\/p><\/div>",
    "settings": "null",
    "admin": 0,
    "client_id": 1,
    "agency_id": 1,
    "theme_id": 7,
    "user_id": 1,
    "status": 1,
    "created_at": "2021-08-17T07:23:56.000000Z",
    "updated_at": "2021-08-17T07:23:56.000000Z"
}