{
    "id": 3,
    "name": "Alert",
    "slug": "alert",
    "html": "<div class=\"piofx_alert piofx_alert_b_l bg-primary rounded-lg p-3 d-none d-lg-block\">\n    <i class=\"fas fa-times text-white text-right close mr-2 mt-2\" style=\"font-size: 1.5rem; cursor: pointer;\"\n        onclick=\"hide_alert();\"><\/i>\n    <strong class=\"text-white\">Congratulations Rajesh!<\/strong>\n    <small class=\"text-white d-block\">For scoring band 7.5 in IELTS.<\/small>\n<\/div>",
    "html_minified": "<div class=\"piofx_alert piofx_alert_b_l bg-primary rounded-lg p-3 d-none d-lg-block\"> <i class=\"fas fa-times text-white text-right close mr-2 mt-2\" style=\"font-size: 1.5rem; cursor: pointer;\" onclick=\"hide_alert();\"><\/i> <strong class=\"text-white\">Congratulations Rajesh!<\/strong> <small class=\"text-white d-block\">For scoring band 7.5 in IELTS.<\/small><\/div>",
    "settings": "null",
    "admin": 0,
    "client_id": 1,
    "agency_id": 1,
    "theme_id": 7,
    "user_id": 1,
    "status": 1,
    "created_at": "2021-08-17T07:23:50.000000Z",
    "updated_at": "2021-08-17T07:23:50.000000Z"
}