{
    "id": 6,
    "name": "Modal 2",
    "slug": "modal-2",
    "html": "<div class=\"modal fade piofx_modal\" tabindex=\"-1\" aria-labelledby=\"exampleModalLabel\" aria-hidden=\"true\"\n    data-time=\"1000\">\n    <div class=\"modal-dialog modal-dialog-centered\">\n        <div class=\"modal-content\" style=\"background: #fffbf3\">\n            <div class=\"modal-body text-center\">\n                <div class=\"d-flex align-items-center justify-content-center\">\n                    <img src=\"..\/..\/assets\/svg\/illustrations\/exam.svg\" class=\"img-fluid w-30\">\n                <\/div>\n                <div class=\"d-flex justify-content-center align-items-center mt-5\">\n                    <h3 class=\"m-0 \"> Wanna evaluate yourself?<\/h3>\n                <\/div>\n                <p>Take a Free IELTS Test<\/p>\n                <a href=\"#\" class=\"btn btn-sm btn-danger\">Try Now<\/a>\n            <\/div>\n        <\/div>\n    <\/div>\n<\/div>",
    "html_minified": "<div class=\"modal fade piofx_modal\" tabindex=\"-1\" aria-labelledby=\"exampleModalLabel\" aria-hidden=\"true\" data-time=\"1000\"> <div class=\"modal-dialog modal-dialog-centered\"> <div class=\"modal-content\" style=\"background: #fffbf3\"> <div class=\"modal-body text-center\"> <div class=\"d-flex align-items-center justify-content-center\"> <img src=\"..\/..\/assets\/svg\/illustrations\/exam.svg\" class=\"img-fluid w-30\"> <\/div> <div class=\"d-flex justify-content-center align-items-center mt-5\"> <h3 class=\"m-0 \"> Wanna evaluate yourself?<\/h3> <\/div> <p>Take a Free IELTS Test<\/p> <a href=\"#\" class=\"btn btn-sm btn-danger\">Try Now<\/a> <\/div> <\/div> <\/div><\/div>",
    "settings": "null",
    "admin": 0,
    "client_id": 1,
    "agency_id": 1,
    "theme_id": 7,
    "user_id": 1,
    "status": 1,
    "created_at": "2021-08-17T07:23:52.000000Z",
    "updated_at": "2021-08-17T07:23:52.000000Z"
}