{
    "id": 21,
    "name": "Icon Block 1",
    "slug": "icon-block-1",
    "html": "<div class=\"container mb-5 d-none d-lg-block\">\r\n        <!-- Slick Carousel -->\r\n        <div\r\n        class=\"js-slick-carousel slick slick-gutters-3 z-index-2\"\r\n        data-hs-slick-carousel-options='{\r\n            \"slidesToShow\": 5,\r\n            \"dots\": true,\r\n            \"dotsClass\": \"slick-pagination d-lg-none\",\r\n            \"responsive\": [{\r\n            \"breakpoint\": 1200,\r\n                \"settings\": {\r\n                \"slidesToShow\": 4\r\n                }\r\n            }, {\r\n            \"breakpoint\": 992,\r\n            \"settings\": {\r\n                \"slidesToShow\": 3\r\n                }\r\n            }, {\r\n            \"breakpoint\": 768,\r\n            \"settings\": {\r\n                \"slidesToShow\": 2\r\n                }\r\n            }, {\r\n            \"breakpoint\": 554,\r\n            \"settings\": {\r\n                \"slidesToShow\": 1\r\n            }\r\n            }]\r\n        }'\r\n    >\r\n        <div class=\"js-slide mt-1\">\r\n        <!-- Icon Block -->\r\n        <article\r\n            class=\"card shadow-sm max-w-27rem transition-3d-hover mx-auto mb-5\"\r\n        >\r\n            <div class=\"card-header bg-danger text-center rounded-top\">\r\n            <div class=\"avatar d-block bg-white rounded p-2 mx-auto\">\r\n                <img\r\n                class=\"avatar-img img-fluid\"\r\n                src=\"{{ &ielts.png }}\"\r\n                alt=\"Image Description\"\r\n                \/>\r\n            <\/div>\r\n            <\/div>\r\n            <div class=\"card-body\">\r\n            <div class=\"mb-3\">\r\n                <h2 class=\"h4 mb-1\">IELTS<\/h2>\r\n                <small class=\"d-block text-body\"\r\n                ><b>Get 8+ Band | Get PR | Go Anywhere<\/b><\/small\r\n                >\r\n            <\/div>\r\n            <a class=\"btn btn-sm btn-block btn-danger\" href=\"#\"\r\n                >View Details<\/a\r\n            >\r\n            <\/div>\r\n        <\/article>\r\n        <!-- End Icon Block -->\r\n        <\/div>\r\n        <div class=\"js-slide mt-1\">\r\n        <!-- Icon Block -->\r\n        <article\r\n            class=\"card shadow-sm max-w-27rem transition-3d-hover mx-auto mb-5\"\r\n        >\r\n            <div class=\"card-header bg-primary text-center rounded-top\">\r\n            <div class=\"avatar d-flex align-items-center bg-white rounded p-2 mx-auto\">\r\n                <img\r\n                class=\"img-fluid\"\r\n                src=\"{{ &gre.png }}\"\r\n                alt=\"Image Description\"\r\n                \/>\r\n            <\/div>\r\n            <\/div>\r\n            <div class=\"card-body\">\r\n            <div class=\"mb-3\">\r\n                <h3 class=\"h4 mb-1\">GRE<\/h3>\r\n                <small class=\"d-block text-body\"\r\n                ><b\r\n                    >Targetting a 320+? You are at the right place!<\/b\r\n                ><\/small\r\n                >\r\n            <\/div>\r\n            <a class=\"btn btn-sm btn-block btn-primary\" href=\"#\"\r\n                >Know How!<\/a\r\n            >\r\n            <\/div>\r\n        <\/article>\r\n        <!-- End Icon Block -->\r\n        <\/div>\r\n        <div class=\"js-slide mt-1\">\r\n        <!-- Icon Block -->\r\n        <article\r\n            class=\"card shadow-sm max-w-27rem transition-3d-hover mx-auto mb-5\"\r\n        >\r\n            <div class=\"card-header bg-warning text-center rounded-top\">\r\n            <div class=\"avatar d-block bg-white rounded p-2 mx-auto\">\r\n                <img\r\n                class=\"avatar-img img-fluid\"\r\n                src=\"{{ &det.jpg }}\"\r\n                alt=\"Image Description\"\r\n                \/>\r\n            <\/div>\r\n            <\/div>\r\n            <div class=\"card-body\">\r\n            <div class=\"mb-3\">\r\n                <h4 class=\"mb-1\">DET<\/h4>\r\n                <small class=\"d-block text-body\"\r\n                ><b\r\n                    >Conquer the exclusively online test. Get 130+<\/b\r\n                ><\/small\r\n                >\r\n            <\/div>\r\n            <a class=\"btn btn-sm btn-block btn-warning\" href=\"#\"\r\n                >Understand DET<\/a\r\n            >\r\n            <\/div>\r\n        <\/article>\r\n        <!-- End Icon Block -->\r\n        <\/div>\r\n        <div class=\"js-slide mt-1\">\r\n        <!-- Icon Block -->\r\n        <article\r\n            class=\"card shadow-sm max-w-27rem transition-3d-hover mx-auto mb-5\"\r\n        >\r\n            <div class=\"card-header bg-success text-center rounded-top\">\r\n            <div class=\"avatar d-block bg-white rounded p-2 mx-auto\">\r\n                <img\r\n                class=\"avatar-img\"\r\n                src=\"{{ &pte.jpg }}\"\r\n                alt=\"Image Description\"\r\n                \/>\r\n            <\/div>\r\n            <\/div>\r\n            <div class=\"card-body\">\r\n            <div class=\"mb-3\">\r\n                <h4 class=\"mb-1\">PTE<\/h4>\r\n                <small class=\"d-block text-body\"\r\n                ><b\r\n                    >Hello Australia! 79+ in PTE - the best coaching!<\/b\r\n                ><\/small\r\n                >\r\n            <\/div>\r\n            <a class=\"btn btn-sm btn-block btn-success\" href=\"#\"\r\n                >Easy 79+<\/a\r\n            >\r\n            <\/div>\r\n        <\/article>\r\n        <!-- End Icon Block -->\r\n        <\/div>\r\n\r\n        <div class=\"js-slide mt-1\">\r\n        <!-- Icon Block -->\r\n        <article\r\n            class=\"card shadow-sm max-w-27rem transition-3d-hover mx-auto mb-5\"\r\n        >\r\n            <div class=\"card-header bg-primary text-center rounded-top\">\r\n            <div class=\"avatar d-flex align-items-center bg-white rounded p-2 mx-auto\">\r\n                <img\r\n                class=\"img-fluid\"\r\n                src=\"{{ &oet.png }}\"\r\n                alt=\"Image Description\"\r\n                \/>\r\n            <\/div>\r\n            <\/div>\r\n            <div class=\"card-body\">\r\n            <div class=\"mb-3\">\r\n                <h4 class=\"mb-1\">OET<\/h4>\r\n                <small class=\"d-block text-body\"\r\n                ><b\r\n                    >An easy path to B+ in all sections. 100% Results!<\/b\r\n                ><\/small\r\n                >\r\n            <\/div>\r\n            <a class=\"btn btn-sm btn-block btn-primary\" href=\"#\"\r\n                >Get B+ in All!<\/a\r\n            >\r\n            <\/div>\r\n        <\/article>\r\n        <!-- End Icon Block -->\r\n        <\/div>\r\n        <\/div>\r\n        <!-- End Slick Carousel -->\r\n    <\/div>\r\n\r\n    <div class=\"d-lg-none py-3 mb-5\" style=\"background:#e9f2ff\">\r\n      <!-- Slick Carousel -->\r\n      <div\r\n      class=\"js-slick-carousel slick slick-gutters-3 z-index-2 py-5\"\r\n      data-hs-slick-carousel-options='{\r\n          \"slidesToShow\": 5,\r\n          \"dots\": true,\r\n          \"dotsClass\": \"slick-pagination d-lg-none\",\r\n          \"responsive\": [{\r\n          \"breakpoint\": 1200,\r\n              \"settings\": {\r\n              \"slidesToShow\": 4\r\n              }\r\n          }, {\r\n          \"breakpoint\": 992,\r\n          \"settings\": {\r\n              \"slidesToShow\": 3\r\n              }\r\n          }, {\r\n          \"breakpoint\": 768,\r\n          \"settings\": {\r\n              \"slidesToShow\": 2\r\n              }\r\n          }, {\r\n          \"breakpoint\": 554,\r\n          \"settings\": {\r\n              \"slidesToShow\": 1\r\n          }\r\n          }]\r\n      }'\r\n  >\r\n  <div class=\"js-slide mt-1\">\r\n      <!-- Icon Block -->\r\n      <article\r\n          class=\"card shadow-sm max-w-27rem transition-3d-hover mx-auto mb-5\"\r\n      >\r\n          <div class=\"card-header bg-danger text-center rounded-top\">\r\n          <div class=\"avatar d-block bg-white rounded p-2 mx-auto\">\r\n              <img\r\n              class=\"avatar-img img-fluid\"\r\n              src=\"{{ &ielts.png }}\"\r\n              alt=\"Image Description\"\r\n              \/>\r\n          <\/div>\r\n          <\/div>\r\n          <div class=\"card-body\">\r\n          <div class=\"mb-3\">\r\n              <h2 class=\"h4 mb-1\">IELTS<\/h2>\r\n              <small class=\"d-block text-body\"\r\n              ><b>Get 8+ Band | Get PR | Go Anywhere<\/b><\/small\r\n              >\r\n          <\/div>\r\n          <a class=\"btn btn-sm btn-block btn-danger\" href=\"#\"\r\n              >View Details<\/a\r\n          >\r\n          <\/div>\r\n      <\/article>\r\n      <!-- End Icon Block -->\r\n      <\/div>\r\n      <div class=\"js-slide mt-1\">\r\n      <!-- Icon Block -->\r\n      <article\r\n          class=\"card shadow-sm max-w-27rem transition-3d-hover mx-auto mb-5\"\r\n      >\r\n          <div class=\"card-header bg-primary text-center rounded-top\">\r\n          <div class=\"avatar d-flex align-items-center bg-white rounded p-2 mx-auto\">\r\n              <img\r\n              class=\"img-fluid\"\r\n              src=\"{{ &gre.png }}\"\r\n              alt=\"Image Description\"\r\n              \/>\r\n          <\/div>\r\n          <\/div>\r\n          <div class=\"card-body\">\r\n          <div class=\"mb-3\">\r\n              <h3 class=\"h4 mb-1\">GRE<\/h3>\r\n              <small class=\"d-block text-body\"\r\n              ><b\r\n                  >Targetting a 320+? You are at the right place!<\/b\r\n              ><\/small\r\n              >\r\n          <\/div>\r\n          <a class=\"btn btn-sm btn-block btn-primary\" href=\"#\"\r\n              >Know How!<\/a\r\n          >\r\n          <\/div>\r\n      <\/article>\r\n      <!-- End Icon Block -->\r\n      <\/div>\r\n      <div class=\"js-slide mt-1\">\r\n      <!-- Icon Block -->\r\n      <article\r\n          class=\"card shadow-sm max-w-27rem transition-3d-hover mx-auto mb-5\"\r\n      >\r\n          <div class=\"card-header bg-warning text-center rounded-top\">\r\n          <div class=\"avatar d-block bg-white rounded p-2 mx-auto\">\r\n              <img\r\n              class=\"avatar-img img-fluid\"\r\n              src=\"{{ &det.jpg }}\"\r\n              alt=\"Image Description\"\r\n              \/>\r\n          <\/div>\r\n          <\/div>\r\n          <div class=\"card-body\">\r\n          <div class=\"mb-3\">\r\n              <h4 class=\"mb-1\">DET<\/h4>\r\n              <small class=\"d-block text-body\"\r\n              ><b\r\n                  >Conquer the exclusively online test. Get 130+<\/b\r\n              ><\/small\r\n              >\r\n          <\/div>\r\n          <a class=\"btn btn-sm btn-block btn-warning\" href=\"#\"\r\n              >Understand DET<\/a\r\n          >\r\n          <\/div>\r\n      <\/article>\r\n      <!-- End Icon Block -->\r\n      <\/div>\r\n      \r\n      <div class=\"js-slide mt-1\">\r\n      <!-- Icon Block -->\r\n      <article\r\n          class=\"card shadow-sm max-w-27rem transition-3d-hover mx-auto mb-5\"\r\n      >\r\n          <div class=\"card-header bg-success text-center rounded-top\">\r\n          <div class=\"avatar d-block bg-white rounded p-2 mx-auto\">\r\n              <img\r\n              class=\"avatar-img img-fluid\"\r\n              src=\"{{ &pte.jpg }}\"\r\n              alt=\"Image Description\"\r\n              \/>\r\n          <\/div>\r\n          <\/div>\r\n          <div class=\"card-body\">\r\n          <div class=\"mb-3\">\r\n              <h4 class=\"mb-1\">PTE<\/h4>\r\n              <small class=\"d-block text-body\"\r\n              ><b\r\n                  >Hello Australia! 79+ in PTE - the best coaching!<\/b\r\n              ><\/small\r\n              >\r\n          <\/div>\r\n          <a class=\"btn btn-sm btn-block btn-success\" href=\"#\"\r\n              >Easy 79+<\/a\r\n          >\r\n          <\/div>\r\n      <\/article>\r\n      <!-- End Icon Block -->\r\n      <\/div>\r\n      <div class=\"js-slide mt-1\">\r\n      <!-- Icon Block -->\r\n      <article\r\n          class=\"card shadow-sm max-w-27rem transition-3d-hover mx-auto mb-5\"\r\n      >\r\n          <div class=\"card-header bg-primary text-center rounded-top\">\r\n          <div class=\"avatar d-flex align-items-center bg-white rounded p-2 mx-auto\">\r\n              <img\r\n              class=\"img-fluid\"\r\n              src=\"{{ &oet.png }}\"\r\n              alt=\"Image Description\"\r\n              \/>\r\n          <\/div>\r\n          <\/div>\r\n          <div class=\"card-body\">\r\n          <div class=\"mb-3\">\r\n              <h4 class=\"mb-1\">OET<\/h4>\r\n              <small class=\"d-block text-body\"\r\n              ><b\r\n                  >An easy path to B+ in all sections. 100% Results!<\/b\r\n              ><\/small\r\n              >\r\n          <\/div>\r\n          <a class=\"btn btn-sm btn-block btn-primary\" href=\"#\"\r\n              >Get B+ in All!<\/a\r\n          >\r\n          <\/div>\r\n      <\/article>\r\n      <!-- End Icon Block -->\r\n      <\/div>\r\n      <\/div>\r\n      <!-- End Slick Carousel -->\r\n    <\/div>",
    "html_minified": "<div class=\"container mb-5 d-none d-lg-block\">  <div class=\"js-slick-carousel slick slick-gutters-3 z-index-2\" data-hs-slick-carousel-options='{ \"slidesToShow\": 5, \"dots\": true, \"dotsClass\": \"slick-pagination d-lg-none\", \"responsive\": [{ \"breakpoint\": 1200, \"settings\": { \"slidesToShow\": 4 } }, { \"breakpoint\": 992, \"settings\": { \"slidesToShow\": 3 } }, { \"breakpoint\": 768, \"settings\": { \"slidesToShow\": 2 } }, { \"breakpoint\": 554, \"settings\": { \"slidesToShow\": 1 } }] }' > <div class=\"js-slide mt-1\">  <article class=\"card shadow-sm max-w-27rem transition-3d-hover mx-auto mb-5\" > <div class=\"card-header bg-danger text-center rounded-top\"> <div class=\"avatar d-block bg-white rounded p-2 mx-auto\"> <img class=\"avatar-img img-fluid\" src=\"https:\/\/firstacademy.s3.ap-south-1.amazonaws.com\/themes\/7\/file_ielts.png\" alt=\"Image Description\" \/> <\/div> <\/div> <div class=\"card-body\"> <div class=\"mb-3\"> <h2 class=\"h4 mb-1\">IELTS<\/h2> <small class=\"d-block text-body\" ><b>Get 8+ Band | Get PR | Go Anywhere<\/b><\/small > <\/div> <a class=\"btn btn-sm btn-block btn-danger\" href=\"#\" >View Details<\/a > <\/div> <\/article>  <\/div> <div class=\"js-slide mt-1\">  <article class=\"card shadow-sm max-w-27rem transition-3d-hover mx-auto mb-5\" > <div class=\"card-header bg-primary text-center rounded-top\"> <div class=\"avatar d-flex align-items-center bg-white rounded p-2 mx-auto\"> <img class=\"img-fluid\" src=\"https:\/\/firstacademy.s3.ap-south-1.amazonaws.com\/themes\/7\/file_gre.png\" alt=\"Image Description\" \/> <\/div> <\/div> <div class=\"card-body\"> <div class=\"mb-3\"> <h3 class=\"h4 mb-1\">GRE<\/h3> <small class=\"d-block text-body\" ><b >Targetting a 320+? You are at the right place!<\/b ><\/small > <\/div> <a class=\"btn btn-sm btn-block btn-primary\" href=\"#\" >Know How!<\/a > <\/div> <\/article>  <\/div> <div class=\"js-slide mt-1\">  <article class=\"card shadow-sm max-w-27rem transition-3d-hover mx-auto mb-5\" > <div class=\"card-header bg-warning text-center rounded-top\"> <div class=\"avatar d-block bg-white rounded p-2 mx-auto\"> <img class=\"avatar-img img-fluid\" src=\"https:\/\/firstacademy.s3.ap-south-1.amazonaws.com\/themes\/7\/file_det.jpg\" alt=\"Image Description\" \/> <\/div> <\/div> <div class=\"card-body\"> <div class=\"mb-3\"> <h4 class=\"mb-1\">DET<\/h4> <small class=\"d-block text-body\" ><b >Conquer the exclusively online test. Get 130+<\/b ><\/small > <\/div> <a class=\"btn btn-sm btn-block btn-warning\" href=\"#\" >Understand DET<\/a > <\/div> <\/article>  <\/div> <div class=\"js-slide mt-1\">  <article class=\"card shadow-sm max-w-27rem transition-3d-hover mx-auto mb-5\" > <div class=\"card-header bg-success text-center rounded-top\"> <div class=\"avatar d-block bg-white rounded p-2 mx-auto\"> <img class=\"avatar-img\" src=\"https:\/\/firstacademy.s3.ap-south-1.amazonaws.com\/themes\/7\/file_pte.jpg\" alt=\"Image Description\" \/> <\/div> <\/div> <div class=\"card-body\"> <div class=\"mb-3\"> <h4 class=\"mb-1\">PTE<\/h4> <small class=\"d-block text-body\" ><b >Hello Australia! 79+ in PTE - the best coaching!<\/b ><\/small > <\/div> <a class=\"btn btn-sm btn-block btn-success\" href=\"#\" >Easy 79+<\/a > <\/div> <\/article>  <\/div> <div class=\"js-slide mt-1\">  <article class=\"card shadow-sm max-w-27rem transition-3d-hover mx-auto mb-5\" > <div class=\"card-header bg-primary text-center rounded-top\"> <div class=\"avatar d-flex align-items-center bg-white rounded p-2 mx-auto\"> <img class=\"img-fluid\" src=\"https:\/\/firstacademy.s3.ap-south-1.amazonaws.com\/themes\/7\/file_oet.png\" alt=\"Image Description\" \/> <\/div> <\/div> <div class=\"card-body\"> <div class=\"mb-3\"> <h4 class=\"mb-1\">OET<\/h4> <small class=\"d-block text-body\" ><b >An easy path to B+ in all sections. 100% Results!<\/b ><\/small > <\/div> <a class=\"btn btn-sm btn-block btn-primary\" href=\"#\" >Get B+ in All!<\/a > <\/div> <\/article>  <\/div> <\/div>  <\/div> <div class=\"d-lg-none py-3 mb-5\" style=\"background:#e9f2ff\">  <div class=\"js-slick-carousel slick slick-gutters-3 z-index-2 py-5\" data-hs-slick-carousel-options='{ \"slidesToShow\": 5, \"dots\": true, \"dotsClass\": \"slick-pagination d-lg-none\", \"responsive\": [{ \"breakpoint\": 1200, \"settings\": { \"slidesToShow\": 4 } }, { \"breakpoint\": 992, \"settings\": { \"slidesToShow\": 3 } }, { \"breakpoint\": 768, \"settings\": { \"slidesToShow\": 2 } }, { \"breakpoint\": 554, \"settings\": { \"slidesToShow\": 1 } }] }' > <div class=\"js-slide mt-1\">  <article class=\"card shadow-sm max-w-27rem transition-3d-hover mx-auto mb-5\" > <div class=\"card-header bg-danger text-center rounded-top\"> <div class=\"avatar d-block bg-white rounded p-2 mx-auto\"> <img class=\"avatar-img img-fluid\" src=\"https:\/\/firstacademy.s3.ap-south-1.amazonaws.com\/themes\/7\/file_ielts.png\" alt=\"Image Description\" \/> <\/div> <\/div> <div class=\"card-body\"> <div class=\"mb-3\"> <h2 class=\"h4 mb-1\">IELTS<\/h2> <small class=\"d-block text-body\" ><b>Get 8+ Band | Get PR | Go Anywhere<\/b><\/small > <\/div> <a class=\"btn btn-sm btn-block btn-danger\" href=\"#\" >View Details<\/a > <\/div> <\/article>  <\/div> <div class=\"js-slide mt-1\">  <article class=\"card shadow-sm max-w-27rem transition-3d-hover mx-auto mb-5\" > <div class=\"card-header bg-primary text-center rounded-top\"> <div class=\"avatar d-flex align-items-center bg-white rounded p-2 mx-auto\"> <img class=\"img-fluid\" src=\"https:\/\/firstacademy.s3.ap-south-1.amazonaws.com\/themes\/7\/file_gre.png\" alt=\"Image Description\" \/> <\/div> <\/div> <div class=\"card-body\"> <div class=\"mb-3\"> <h3 class=\"h4 mb-1\">GRE<\/h3> <small class=\"d-block text-body\" ><b >Targetting a 320+? You are at the right place!<\/b ><\/small > <\/div> <a class=\"btn btn-sm btn-block btn-primary\" href=\"#\" >Know How!<\/a > <\/div> <\/article>  <\/div> <div class=\"js-slide mt-1\">  <article class=\"card shadow-sm max-w-27rem transition-3d-hover mx-auto mb-5\" > <div class=\"card-header bg-warning text-center rounded-top\"> <div class=\"avatar d-block bg-white rounded p-2 mx-auto\"> <img class=\"avatar-img img-fluid\" src=\"https:\/\/firstacademy.s3.ap-south-1.amazonaws.com\/themes\/7\/file_det.jpg\" alt=\"Image Description\" \/> <\/div> <\/div> <div class=\"card-body\"> <div class=\"mb-3\"> <h4 class=\"mb-1\">DET<\/h4> <small class=\"d-block text-body\" ><b >Conquer the exclusively online test. Get 130+<\/b ><\/small > <\/div> <a class=\"btn btn-sm btn-block btn-warning\" href=\"#\" >Understand DET<\/a > <\/div> <\/article>  <\/div> <div class=\"js-slide mt-1\">  <article class=\"card shadow-sm max-w-27rem transition-3d-hover mx-auto mb-5\" > <div class=\"card-header bg-success text-center rounded-top\"> <div class=\"avatar d-block bg-white rounded p-2 mx-auto\"> <img class=\"avatar-img img-fluid\" src=\"https:\/\/firstacademy.s3.ap-south-1.amazonaws.com\/themes\/7\/file_pte.jpg\" alt=\"Image Description\" \/> <\/div> <\/div> <div class=\"card-body\"> <div class=\"mb-3\"> <h4 class=\"mb-1\">PTE<\/h4> <small class=\"d-block text-body\" ><b >Hello Australia! 79+ in PTE - the best coaching!<\/b ><\/small > <\/div> <a class=\"btn btn-sm btn-block btn-success\" href=\"#\" >Easy 79+<\/a > <\/div> <\/article>  <\/div> <div class=\"js-slide mt-1\">  <article class=\"card shadow-sm max-w-27rem transition-3d-hover mx-auto mb-5\" > <div class=\"card-header bg-primary text-center rounded-top\"> <div class=\"avatar d-flex align-items-center bg-white rounded p-2 mx-auto\"> <img class=\"img-fluid\" src=\"https:\/\/firstacademy.s3.ap-south-1.amazonaws.com\/themes\/7\/file_oet.png\" alt=\"Image Description\" \/> <\/div> <\/div> <div class=\"card-body\"> <div class=\"mb-3\"> <h4 class=\"mb-1\">OET<\/h4> <small class=\"d-block text-body\" ><b >An easy path to B+ in all sections. 100% Results!<\/b ><\/small > <\/div> <a class=\"btn btn-sm btn-block btn-primary\" href=\"#\" >Get B+ in All!<\/a > <\/div> <\/article>  <\/div> <\/div>  <\/div>",
    "settings": "null",
    "admin": 0,
    "client_id": 1,
    "agency_id": 1,
    "theme_id": 7,
    "user_id": 1,
    "status": 1,
    "created_at": "2021-08-24T05:47:54.000000Z",
    "updated_at": "2021-08-24T06:23:46.000000Z"
}