{
    "id": 16,
    "name": "home",
    "slug": "\/",
    "html": "{{ @header }}\r\n\r\n  <!-- ========== MAIN CONTENT ========== -->\r\n\r\n  <div style=\"background: url({{ &homepage_wave.svg }});background-repeat: no-repeat; background-position: 0 100%;min-height: 100vh;\">\r\n        <svg viewBox=\"0 0 200 200\" class=\"d-none d-lg-block\" xmlns=\"http:\/\/www.w3.org\/2000\/svg\" style=\"width: 45rem; z-index: 0;position: absolute;top: 5%; left: 9%;\">\r\n            <path fill=\"#f0f6ff\" d=\"M50.8,-43.5C66.8,-34.8,81.5,-17.4,80.7,-0.8C80,15.8,63.7,31.7,47.7,45.3C31.7,59,15.8,70.5,-2.3,72.8C-20.5,75.2,-41,68.3,-49.7,54.7C-58.4,41,-55.2,20.5,-54.9,0.3C-54.6,-19.9,-57.1,-39.8,-48.4,-48.5C-39.8,-57.3,-19.9,-55,-1.3,-53.7C17.4,-52.5,34.8,-52.3,50.8,-43.5Z\" transform=\"translate(100 100)\" \/>\r\n        <\/svg>   \r\n        <svg viewBox=\"0 0 200 200\" class=\"d-none d-xl-block\" xmlns=\"http:\/\/www.w3.org\/2000\/svg\" style=\"width: 40rem; z-index: 0;position: absolute;top: -10%; right: -10%;\">\r\n            <path fill=\"#f4f8ff\" d=\"M50.8,-43.5C66.8,-34.8,81.5,-17.4,80.7,-0.8C80,15.8,63.7,31.7,47.7,45.3C31.7,59,15.8,70.5,-2.3,72.8C-20.5,75.2,-41,68.3,-49.7,54.7C-58.4,41,-55.2,20.5,-54.9,0.3C-54.6,-19.9,-57.1,-39.8,-48.4,-48.5C-39.8,-57.3,-19.9,-55,-1.3,-53.7C17.4,-52.5,34.8,-52.3,50.8,-43.5Z\" transform=\"translate(100 100)\" \/>\r\n        <\/svg>     \r\n        <svg viewBox=\"0 0 200 200\" class=\"d-block d-lg-none\" xmlns=\"http:\/\/www.w3.org\/2000\/svg\" style=\"position: absolute; left: -30%;\">\r\n          <path fill=\"#f4f8ff\" d=\"M50.8,-43.5C66.8,-34.8,81.5,-17.4,80.7,-0.8C80,15.8,63.7,31.7,47.7,45.3C31.7,59,15.8,70.5,-2.3,72.8C-20.5,75.2,-41,68.3,-49.7,54.7C-58.4,41,-55.2,20.5,-54.9,0.3C-54.6,-19.9,-57.1,-39.8,-48.4,-48.5C-39.8,-57.3,-19.9,-55,-1.3,-53.7C17.4,-52.5,34.8,-52.3,50.8,-43.5Z\" transform=\"translate(100 100)\" \/>\r\n        <\/svg>         \r\n        <div class=\"container\">\r\n            <div class=\"row space-top-4\">\r\n                <div class=\"col-12 col-lg-6 text-center\">\r\n                    <img\r\n                    class=\"img-fluid\"\r\n                    src=\"{{ &clip-reading-of-books-1.png }}\" style=\"width: 30rem;\"\r\n                  \/>\r\n                <\/div>\r\n                <div class=\"col-12 col-lg-6 d-flex align-items-center justify-content-center justify-content-lg-left\">\r\n                    <div class=\"text-center\">\r\n                        <h1 class=\"display-4 text-center text-lg-left\">Be Awesome!<\/h1>\r\n                        <p class=\"lead text-center text-lg-left\">\r\n                            Prepare for IELTS, GRE, PTE, and more.<br \/>Get university\r\n                            suggestions.<br \/>Become awesome!&nbsp;\r\n                        <\/p>\r\n                        <div class=\"btn btn-danger my-3 trytest\" data-container=\"basic-grammar-1\" data-toggle=\"modal\" data-target=\"#free-english-test\">Try a FREE English Test<\/div>\r\n                        <div class=\"btn btn-outline-dark my-3 m-lg-0 ml-lg-3\" data-toggle=\"modal\" data-target=\"#demo_class\">Attend a Demo Class<\/div>\r\n                    <\/div>\r\n                <\/div>\r\n            <\/div>\r\n        <\/div>\r\n    <\/div>\r\n\r\n<div style=\"background: #e9f2ff;\">\r\n    <h2 class=\"text-center\">Our Courses<\/h2>\r\n    <div class=\"container mb-5 d-none d-lg-block\">\r\n        <!-- Slick Carousel -->\r\n        <div\r\n        class=\"js-slick-carousel slick slick-gutters-3 z-index-2\"\r\n        data-hs-slick-carousel-options='{\r\n            \"slidesToShow\": 5,\r\n            \"dots\": true,\r\n            \"dotsClass\": \"slick-pagination d-lg-none\",\r\n            \"responsive\": [{\r\n            \"breakpoint\": 1200,\r\n                \"settings\": {\r\n                \"slidesToShow\": 4\r\n                }\r\n            }, {\r\n            \"breakpoint\": 992,\r\n            \"settings\": {\r\n                \"slidesToShow\": 3\r\n                }\r\n            }, {\r\n            \"breakpoint\": 768,\r\n            \"settings\": {\r\n                \"slidesToShow\": 2\r\n                }\r\n            }, {\r\n            \"breakpoint\": 554,\r\n            \"settings\": {\r\n                \"slidesToShow\": 1\r\n            }\r\n            }]\r\n        }'\r\n    >\r\n        <div class=\"js-slide mt-1\">\r\n        <!-- Icon Block -->\r\n        <article\r\n            class=\"card shadow-sm max-w-27rem transition-3d-hover mx-auto mb-5\"\r\n        >\r\n            <div class=\"card-header bg-danger text-center rounded-top\">\r\n            <div class=\"avatar d-block bg-white rounded p-2 mx-auto\">\r\n                <img\r\n                class=\"avatar-img img-fluid\"\r\n                src=\"{{ &ielts.png }}\"\r\n                alt=\"Image Description\"\r\n                \/>\r\n            <\/div>\r\n            <\/div>\r\n            <div class=\"card-body\">\r\n            <div class=\"mb-3\">\r\n                <h2 class=\"h4 mb-1\">IELTS<\/h2>\r\n                <small class=\"d-block text-body\"\r\n                ><b>Get 8+ Band | Get PR | Go Anywhere<\/b><\/small\r\n                >\r\n            <\/div>\r\n            <a class=\"btn btn-sm btn-block btn-danger\" href=\"#\"\r\n                >View Details<\/a\r\n            >\r\n            <\/div>\r\n        <\/article>\r\n        <!-- End Icon Block -->\r\n        <\/div>\r\n        <div class=\"js-slide mt-1\">\r\n        <!-- Icon Block -->\r\n        <article\r\n            class=\"card shadow-sm max-w-27rem transition-3d-hover mx-auto mb-5\"\r\n        >\r\n            <div class=\"card-header bg-primary text-center rounded-top\">\r\n            <div class=\"avatar d-flex align-items-center bg-white rounded p-2 mx-auto\">\r\n                <img\r\n                class=\"img-fluid\"\r\n                src=\"{{ &gre.png }}\"\r\n                alt=\"Image Description\"\r\n                \/>\r\n            <\/div>\r\n            <\/div>\r\n            <div class=\"card-body\">\r\n            <div class=\"mb-3\">\r\n                <h3 class=\"h4 mb-1\">GRE<\/h3>\r\n                <small class=\"d-block text-body\"\r\n                ><b\r\n                    >Targetting a 320+? You are at the right place!<\/b\r\n                ><\/small\r\n                >\r\n            <\/div>\r\n            <a class=\"btn btn-sm btn-block btn-primary\" href=\"#\"\r\n                >Know How!<\/a\r\n            >\r\n            <\/div>\r\n        <\/article>\r\n        <!-- End Icon Block -->\r\n        <\/div>\r\n        <div class=\"js-slide mt-1\">\r\n        <!-- Icon Block -->\r\n        <article\r\n            class=\"card shadow-sm max-w-27rem transition-3d-hover mx-auto mb-5\"\r\n        >\r\n            <div class=\"card-header bg-warning text-center rounded-top\">\r\n            <div class=\"avatar d-block bg-white rounded p-2 mx-auto\">\r\n                <img\r\n                class=\"avatar-img img-fluid\"\r\n                src=\"{{ &det.jpg }}\"\r\n                alt=\"Image Description\"\r\n                \/>\r\n            <\/div>\r\n            <\/div>\r\n            <div class=\"card-body\">\r\n            <div class=\"mb-3\">\r\n                <h4 class=\"mb-1\">DET<\/h4>\r\n                <small class=\"d-block text-body\"\r\n                ><b\r\n                    >Conquer the exclusively online test. Get 130+<\/b\r\n                ><\/small\r\n                >\r\n            <\/div>\r\n            <a class=\"btn btn-sm btn-block btn-warning\" href=\"#\"\r\n                >Understand DET<\/a\r\n            >\r\n            <\/div>\r\n        <\/article>\r\n        <!-- End Icon Block -->\r\n        <\/div>\r\n        <div class=\"js-slide mt-1\">\r\n        <!-- Icon Block -->\r\n        <article\r\n            class=\"card shadow-sm max-w-27rem transition-3d-hover mx-auto mb-5\"\r\n        >\r\n            <div class=\"card-header bg-success text-center rounded-top\">\r\n            <div class=\"avatar d-block bg-white rounded p-2 mx-auto\">\r\n                <img\r\n                class=\"avatar-img\"\r\n                src=\"{{ &pte.jpg }}\"\r\n                alt=\"Image Description\"\r\n                \/>\r\n            <\/div>\r\n            <\/div>\r\n            <div class=\"card-body\">\r\n            <div class=\"mb-3\">\r\n                <h4 class=\"mb-1\">PTE<\/h4>\r\n                <small class=\"d-block text-body\"\r\n                ><b\r\n                    >Hello Australia! 79+ in PTE - the best coaching!<\/b\r\n                ><\/small\r\n                >\r\n            <\/div>\r\n            <a class=\"btn btn-sm btn-block btn-success\" href=\"#\"\r\n                >Easy 79+<\/a\r\n            >\r\n            <\/div>\r\n        <\/article>\r\n        <!-- End Icon Block -->\r\n        <\/div>\r\n\r\n        <div class=\"js-slide mt-1\">\r\n        <!-- Icon Block -->\r\n        <article\r\n            class=\"card shadow-sm max-w-27rem transition-3d-hover mx-auto mb-5\"\r\n        >\r\n            <div class=\"card-header bg-primary text-center rounded-top\">\r\n            <div class=\"avatar d-flex align-items-center bg-white rounded p-2 mx-auto\">\r\n                <img\r\n                class=\"img-fluid\"\r\n                src=\"{{ &oet.png }}\"\r\n                alt=\"Image Description\"\r\n                \/>\r\n            <\/div>\r\n            <\/div>\r\n            <div class=\"card-body\">\r\n            <div class=\"mb-3\">\r\n                <h4 class=\"mb-1\">OET<\/h4>\r\n                <small class=\"d-block text-body\"\r\n                ><b\r\n                    >An easy path to B+ in all sections. 100% Results!<\/b\r\n                ><\/small\r\n                >\r\n            <\/div>\r\n            <a class=\"btn btn-sm btn-block btn-primary\" href=\"#\"\r\n                >Get B+ in All!<\/a\r\n            >\r\n            <\/div>\r\n        <\/article>\r\n        <!-- End Icon Block -->\r\n        <\/div>\r\n        <\/div>\r\n        <!-- End Slick Carousel -->\r\n    <\/div>\r\n\r\n    <div class=\"d-lg-none py-3 mb-5\" style=\"background:#e9f2ff\">\r\n      <!-- Slick Carousel -->\r\n      <div\r\n      class=\"js-slick-carousel slick slick-gutters-3 z-index-2 py-5\"\r\n      data-hs-slick-carousel-options='{\r\n          \"slidesToShow\": 5,\r\n          \"dots\": true,\r\n          \"dotsClass\": \"slick-pagination d-lg-none\",\r\n          \"responsive\": [{\r\n          \"breakpoint\": 1200,\r\n              \"settings\": {\r\n              \"slidesToShow\": 4\r\n              }\r\n          }, {\r\n          \"breakpoint\": 992,\r\n          \"settings\": {\r\n              \"slidesToShow\": 3\r\n              }\r\n          }, {\r\n          \"breakpoint\": 768,\r\n          \"settings\": {\r\n              \"slidesToShow\": 2\r\n              }\r\n          }, {\r\n          \"breakpoint\": 554,\r\n          \"settings\": {\r\n              \"slidesToShow\": 1\r\n          }\r\n          }]\r\n      }'\r\n  >\r\n  <div class=\"js-slide mt-1\">\r\n      <!-- Icon Block -->\r\n      <article\r\n          class=\"card shadow-sm max-w-27rem transition-3d-hover mx-auto mb-5\"\r\n      >\r\n          <div class=\"card-header bg-danger text-center rounded-top\">\r\n          <div class=\"avatar d-block bg-white rounded p-2 mx-auto\">\r\n              <img\r\n              class=\"avatar-img img-fluid\"\r\n              src=\"{{ &ielts.png }}\"\r\n              alt=\"Image Description\"\r\n              \/>\r\n          <\/div>\r\n          <\/div>\r\n          <div class=\"card-body\">\r\n          <div class=\"mb-3\">\r\n              <h2 class=\"h4 mb-1\">IELTS<\/h2>\r\n              <small class=\"d-block text-body\"\r\n              ><b>Get 8+ Band | Get PR | Go Anywhere<\/b><\/small\r\n              >\r\n          <\/div>\r\n          <a class=\"btn btn-sm btn-block btn-danger\" href=\"#\"\r\n              >View Details<\/a\r\n          >\r\n          <\/div>\r\n      <\/article>\r\n      <!-- End Icon Block -->\r\n      <\/div>\r\n      <div class=\"js-slide mt-1\">\r\n      <!-- Icon Block -->\r\n      <article\r\n          class=\"card shadow-sm max-w-27rem transition-3d-hover mx-auto mb-5\"\r\n      >\r\n          <div class=\"card-header bg-primary text-center rounded-top\">\r\n          <div class=\"avatar d-flex align-items-center bg-white rounded p-2 mx-auto\">\r\n              <img\r\n              class=\"img-fluid\"\r\n              src=\"{{ &gre.png }}\"\r\n              alt=\"Image Description\"\r\n              \/>\r\n          <\/div>\r\n          <\/div>\r\n          <div class=\"card-body\">\r\n          <div class=\"mb-3\">\r\n              <h3 class=\"h4 mb-1\">GRE<\/h3>\r\n              <small class=\"d-block text-body\"\r\n              ><b\r\n                  >Targetting a 320+? You are at the right place!<\/b\r\n              ><\/small\r\n              >\r\n          <\/div>\r\n          <a class=\"btn btn-sm btn-block btn-primary\" href=\"#\"\r\n              >Know How!<\/a\r\n          >\r\n          <\/div>\r\n      <\/article>\r\n      <!-- End Icon Block -->\r\n      <\/div>\r\n      <div class=\"js-slide mt-1\">\r\n      <!-- Icon Block -->\r\n      <article\r\n          class=\"card shadow-sm max-w-27rem transition-3d-hover mx-auto mb-5\"\r\n      >\r\n          <div class=\"card-header bg-warning text-center rounded-top\">\r\n          <div class=\"avatar d-block bg-white rounded p-2 mx-auto\">\r\n              <img\r\n              class=\"avatar-img img-fluid\"\r\n              src=\"{{ &det.jpg }}\"\r\n              alt=\"Image Description\"\r\n              \/>\r\n          <\/div>\r\n          <\/div>\r\n          <div class=\"card-body\">\r\n          <div class=\"mb-3\">\r\n              <h4 class=\"mb-1\">DET<\/h4>\r\n              <small class=\"d-block text-body\"\r\n              ><b\r\n                  >Conquer the exclusively online test. Get 130+<\/b\r\n              ><\/small\r\n              >\r\n          <\/div>\r\n          <a class=\"btn btn-sm btn-block btn-warning\" href=\"#\"\r\n              >Understand DET<\/a\r\n          >\r\n          <\/div>\r\n      <\/article>\r\n      <!-- End Icon Block -->\r\n      <\/div>\r\n      \r\n      <div class=\"js-slide mt-1\">\r\n      <!-- Icon Block -->\r\n      <article\r\n          class=\"card shadow-sm max-w-27rem transition-3d-hover mx-auto mb-5\"\r\n      >\r\n          <div class=\"card-header bg-success text-center rounded-top\">\r\n          <div class=\"avatar d-block bg-white rounded p-2 mx-auto\">\r\n              <img\r\n              class=\"avatar-img img-fluid\"\r\n              src=\"{{ &pte.jpg }}\"\r\n              alt=\"Image Description\"\r\n              \/>\r\n          <\/div>\r\n          <\/div>\r\n          <div class=\"card-body\">\r\n          <div class=\"mb-3\">\r\n              <h4 class=\"mb-1\">PTE<\/h4>\r\n              <small class=\"d-block text-body\"\r\n              ><b\r\n                  >Hello Australia! 79+ in PTE - the best coaching!<\/b\r\n              ><\/small\r\n              >\r\n          <\/div>\r\n          <a class=\"btn btn-sm btn-block btn-success\" href=\"#\"\r\n              >Easy 79+<\/a\r\n          >\r\n          <\/div>\r\n      <\/article>\r\n      <!-- End Icon Block -->\r\n      <\/div>\r\n      <div class=\"js-slide mt-1\">\r\n      <!-- Icon Block -->\r\n      <article\r\n          class=\"card shadow-sm max-w-27rem transition-3d-hover mx-auto mb-5\"\r\n      >\r\n          <div class=\"card-header bg-primary text-center rounded-top\">\r\n          <div class=\"avatar d-flex align-items-center bg-white rounded p-2 mx-auto\">\r\n              <img\r\n              class=\"img-fluid\"\r\n              src=\"{{ &oet.png }}\"\r\n              alt=\"Image Description\"\r\n              \/>\r\n          <\/div>\r\n          <\/div>\r\n          <div class=\"card-body\">\r\n          <div class=\"mb-3\">\r\n              <h4 class=\"mb-1\">OET<\/h4>\r\n              <small class=\"d-block text-body\"\r\n              ><b\r\n                  >An easy path to B+ in all sections. 100% Results!<\/b\r\n              ><\/small\r\n              >\r\n          <\/div>\r\n          <a class=\"btn btn-sm btn-block btn-primary\" href=\"#\"\r\n              >Get B+ in All!<\/a\r\n          >\r\n          <\/div>\r\n      <\/article>\r\n      <!-- End Icon Block -->\r\n      <\/div>\r\n      <\/div>\r\n      <!-- End Slick Carousel -->\r\n    <\/div>\r\n<\/div>\r\n\r\n<div class=\"container my-5\">\r\n  <h2 class=\"text-center my-5\">Our Tests<\/h2>\r\n  <div>\r\n    <a href=\"#\" class=\"badge badge-soft-info rounded-pill p-3 mb-2\">Academic Writing<\/a>\r\n    <a href=\"#\" class=\"badge badge-soft-info rounded-pill p-3 mb-2\">Appostives<\/a>\r\n    <a href=\"#\" class=\"badge badge-soft-info rounded-pill p-3 mb-2\">Basic Grammar<\/a>\r\n    <a href=\"#\" class=\"badge badge-soft-info rounded-pill p-3 mb-2\">Duolino Word Completion<\/a>\r\n    <a href=\"#\" class=\"badge badge-soft-info rounded-pill p-3 mb-2\">Four Letter Words Quiz<\/a>\r\n    <a href=\"#\" class=\"badge badge-soft-info rounded-pill p-3 mb-2\">IELTS Skills Test<\/a>\r\n    <a href=\"#\" class=\"badge badge-soft-info rounded-pill p-3 mb-2\">Listening Mini Test<\/a>\r\n    <a href=\"#\" class=\"badge badge-soft-info rounded-pill p-3 mb-2\">Readning Mini Test<\/a>\r\n    <a href=\"#\" class=\"badge badge-soft-info rounded-pill p-3 mb-2\">Subject Verb<\/a>\r\n    <a href=\"#\" class=\"badge badge-soft-info rounded-pill p-3 mb-2\">Words about Combining and Separating<\/a>\r\n  <\/div>\r\n<\/div>\r\n\r\n    <!-- Features Section -->\r\n    <div class=\"overflow-hidden\">\r\n        <div class=\"container\">\r\n        <div class=\"row\">\r\n            <div class=\"col-lg-6 mb-3 mb-lg-0\">\r\n            <!-- Card -->\r\n            <div class=\"card bg-primary text-white h-100 overflow-hidden p-5\">\r\n                <div class=\"w-65 pr-2\">\r\n                <h2 class=\"text-white\">Attend A Session<\/h2>\r\n                <p class=\"text-white\">\r\n                    Attend a session. Interact with our trainers and see why we\r\n                    are the best!\r\n                <\/p>\r\n                <a class=\"btn btn-sm btn-light transition-3d-hover\" href=\"#\"\r\n                    >Attend Session&nbsp;<i class=\"fas fa-angle-right ml-1\"><\/i\r\n                ><\/a>\r\n                <\/div>\r\n                <div\r\n                class=\"position-absolute right-0 bottom-0 mb-n3 mr-n4\"\r\n                >\r\n                <img\r\n                    class=\"img-fluid\"\r\n                    src=\"{{ &card_img_15.png }}\"\r\n                    alt=\"Image Description\"\r\n                \/>\r\n                <\/div>\r\n            <\/div>\r\n            <!-- End Card -->\r\n            <\/div>\r\n            <div class=\"col-lg-6\">\r\n            <!-- Card -->\r\n            <div class=\"card bg-warning text-white h-100 overflow-hidden p-5\">\r\n                <div class=\"w-65 pr-2\">\r\n                <h2 class=\"text-white\">University Advice<\/h2>\r\n                <p class=\"text-white\">\r\n                    Looking for a particular course or a particular university?\r\n                    Let us help you!\r\n                <\/p>\r\n                <a class=\"btn btn-sm btn-light transition-3d-hover\" href=\"#\"\r\n                    >Admission Advice&nbsp;<i\r\n                    class=\"fas fa-angle-right ml-1\"\r\n                    ><\/i\r\n                ><\/a>\r\n                <\/div>\r\n                <div\r\n                class=\"position-absolute right-0 bottom-0 w-50 mb-n3 mr-n4\"\r\n                >\r\n                <img\r\n                    class=\"img-fluid\"\r\n                    src=\"{{ &card_img_12.png }}\"\r\n                    alt=\"Image Description\"\r\n                \/>\r\n                <\/div>\r\n            <\/div>\r\n            <!-- End Card -->\r\n            <\/div>\r\n        <\/div>\r\n        <\/div>\r\n        \r\n    <\/div>\r\n    <!-- End Features Section -->\r\n\r\n    <div class=\"mt-5\" style=\"background: #e9f2ff;\">\r\n        <div class=\"container space-2\">\r\n            <!-- Title -->\r\n            <div class=\"w-md-80 w-lg-50 text-center mx-md-auto mb-5 mb-md-9\">\r\n                <h2>Built to make you the best!<\/h2>\r\n                <p>\r\n                Get insights to dig down into what&apos;s powering your growth the\r\n                most.\r\n                <\/p>\r\n            <\/div>\r\n            <!-- End Title -->\r\n            <div class=\"row\">\r\n                <div class=\"col-lg-8 mb-7 mb-lg-0\">\r\n                <div class=\"row\">\r\n                    <div class=\"col-sm-6 mb-3 mb-sm-7\">\r\n                    <!-- Icon Blocks -->\r\n                    <div class=\"pr-lg-6\">\r\n                        <figure class=\"max-w-6rem w-100 mb-4\">\r\n                        <img\r\n                            class=\"img-fluid\"\r\n                            src=\"{{ &storytelling.svg }}\"\r\n                            alt=\"SVG\"\r\n                        \/>\r\n                        <\/figure>\r\n                        <h3 class=\"h4\">The Best Material<\/h3>\r\n                        <p class=\"text-body\">\r\n                        Material that matches the training! Get material made\r\n                        exclusively for you by our\r\n                        <b>Cambridge certified trainers<\/b>!<br \/>\r\n                        <\/p>\r\n                    <\/div>\r\n                    <!-- End Icon Blocks -->\r\n                    <\/div>\r\n                    <div class=\"col-sm-6 mb-3 mb-sm-7\">\r\n                    <!-- Icon Blocks -->\r\n                    <div class=\"pr-lg-6\">\r\n                        <figure class=\"max-w-6rem w-100 mb-4\">\r\n                        <img\r\n                            class=\"img-fluid\"\r\n                            src=\"{{ &input.svg }}\"\r\n                            alt=\"SVG\"\r\n                        \/>\r\n                        <\/figure>\r\n                        <h4>Get Personalised Inputs<br \/><\/h4>\r\n                        <p class=\"text-body\">\r\n                        Join the only company that offers personalised evaluations\r\n                        with <b>feedback exclusively designed for you!<\/b>\r\n                        <\/p>\r\n                    <\/div>\r\n                    <!-- End Icon Blocks -->\r\n                    <\/div>\r\n                    <div class=\"col-sm-6 mb-3 mb-sm-0\">\r\n                    <!-- Icon Blocks -->\r\n                    <div class=\"pr-lg-6\">\r\n                        <figure class=\"max-w-6rem w-100 mb-4\">\r\n                        <img\r\n                            class=\"img-fluid\"\r\n                            src=\"{{ &chat.svg }}\"\r\n                            alt=\"SVG\"\r\n                        \/>\r\n                        <\/figure>\r\n                        <h4>Full-Online Support<\/h4>\r\n                        <p class=\"text-body\">\r\n                        Practice where you want, when you want. Get results on the\r\n                        fly, and monitor your progress!\r\n                        <\/p>\r\n                    <\/div>\r\n                    <!-- End Icon Blocks -->\r\n                    <\/div>\r\n                    <div class=\"col-sm-6 mb-sm-0\">\r\n                    <!-- Icon Blocks -->\r\n                    <div class=\"pr-lg-6\">\r\n                        <figure class=\"max-w-6rem w-100 mb-4\">\r\n                        <img\r\n                            class=\"img-fluid\"\r\n                            src=\"{{ &score.svg }}\"\r\n                            alt=\"SVG\"\r\n                        \/>\r\n                        <\/figure>\r\n                        <h4>Guarantee Great Scores<\/h4>\r\n                        <p class=\"text-body\">\r\n                        With our super focussed trainer recommendations, you will\r\n                        be on your way to a fantastic score!\r\n                        <\/p>\r\n                    <\/div>\r\n                    <!-- End Icon Blocks -->\r\n                    <\/div>\r\n                <\/div>\r\n                <\/div>\r\n                <div class=\"col-sm-8 col-md-6 col-lg-4\">\r\n                <!-- Article -->\r\n                <article class=\"position-relative\">\r\n                    <a\r\n                    class=\"card shadow-none bg-img-hero w-100 min-h-450rem transition-3d-hover\"\r\n                    href=\"#\"\r\n                    >\r\n                    <div class=\"card-body pb-0\">\r\n                        <h4>Attend A Session For Free!<\/h4>\r\n                        <p class=\"text-body mb-0\">\r\n                        Get free access to our sessions and our tests! You will\r\n                        love them!\r\n                        <\/p>\r\n                    <\/div>\r\n                    <img src=\"{{ &test.png }}\" class=\"img-fluid\" alt=\"\">\r\n                    <div class=\"card-footer border-0 bg-transparent pt-0 d-flex align-items-center\">\r\n                        <span class=\"font-weight-bold\"\r\n                        >Get Access<\/span>\r\n                        <i class=\"fas fa-angle-right fa-sm ml-1\" style=\"margin-top: -5px\"><\/i>\r\n                    <\/div>\r\n                    <\/a>\r\n                <\/article>\r\n                <!-- End Article -->\r\n                <\/div>\r\n            <\/div>\r\n        <\/div>\r\n    <\/div>\r\n\r\n    <!-- Features Section -->\r\n    <div class=\"container space-top-2\">\r\n    <!-- Title -->\r\n    <div class=\"w-md-80 w-lg-50 text-center mx-md-auto mb-5 mb-md-9\">\r\n        <h2>\r\n        <h2\r\n            spellcheck=\"true\"\r\n            data-medium-editor-element=\"true\"\r\n            role=\"textbox\"\r\n            aria-multiline=\"true\"\r\n            data-medium-editor-editor-index=\"25\"\r\n            medium-editor-index=\"4b7a02bc-17b3-bbeb-ba24-9857d806807a\"\r\n            data-placeholder=\"Type your text\"\r\n            data-medium-focused=\"true\"\r\n        >\r\n            Get the score you want, and go to the country of your dreams!\r\n        <\/h2>\r\n        <\/h2>\r\n    <\/div>\r\n    <!-- End Title -->\r\n    <!-- Nav -->\r\n    <div class=\"text-center\">\r\n        <ul\r\n        class=\"nav nav-segment nav-pills scrollbar-horizontal mb-7\"\r\n        role=\"tablist\"\r\n        >\r\n        <li class=\"nav-item\">\r\n            <a\r\n            class=\"nav-link active\"\r\n            id=\"pills-one-code-features-tab\"\r\n            data-toggle=\"pill\"\r\n            href=\"#pills-one-code-features\"\r\n            role=\"tab\"\r\n            aria-controls=\"pills-one-code-features\"\r\n            aria-selected=\"true\"\r\n            >Exclusive Material<\/a\r\n            >\r\n        <\/li>\r\n        <li class=\"nav-item\">\r\n            <a\r\n            class=\"nav-link\"\r\n            id=\"pills-two-code-features-tab\"\r\n            data-toggle=\"pill\"\r\n            href=\"#pills-two-code-features\"\r\n            role=\"tab\"\r\n            aria-controls=\"pills-two-code-features\"\r\n            aria-selected=\"false\"\r\n            >Full-Online Support<\/a\r\n            >\r\n        <\/li>\r\n        <li class=\"nav-item\">\r\n            <a\r\n            class=\"nav-link\"\r\n            id=\"pills-three-code-features-tab\"\r\n            data-toggle=\"pill\"\r\n            href=\"#pills-three-code-features\"\r\n            role=\"tab\"\r\n            aria-controls=\"pills-three-code-features\"\r\n            aria-selected=\"false\"\r\n            >Personalised Support<\/a\r\n            >\r\n        <\/li>\r\n        <\/ul>\r\n    <\/div>\r\n    <!-- End Nav -->\r\n    <!-- Tab Content -->\r\n    <div class=\"tab-content pr-lg-4\">\r\n        <div\r\n        class=\"tab-pane fade show active\"\r\n        id=\"pills-one-code-features\"\r\n        role=\"tabpanel\"\r\n        aria-labelledby=\"pills-one-code-features-tab\"\r\n        >\r\n        <!-- Device Mockup -->\r\n        <div class=\"device-wrapper\">\r\n            <div class=\"device\">\r\n            <img\r\n                class=\"img-fluid\"\r\n                src=\"{{ &macbook.svg }}\"\r\n                alt=\"Image Description\"\r\n            \/>\r\n            <img\r\n                class=\"device-macbook-screen\"\r\n                src=\"{{ &l_img2.jpg }}\"\r\n                alt=\"Image Description\"\r\n            \/>\r\n            <\/div>\r\n            <div class=\"device device-iphone-x\">\r\n            <img\r\n                class=\"device-iphone-x-frame\"\r\n                src=\"{{ &iphone-x.svg }}\"\r\n                alt=\"Image Description\"\r\n            \/>\r\n            <img\r\n                class=\"device-iphone-x-screen\"\r\n                src=\"{{ &s_img2.jpg }}\"\r\n                alt=\"Image Description\"\r\n            \/>\r\n            <\/div>\r\n        <\/div>\r\n        <!-- End Device Mockup -->\r\n        <\/div>\r\n        <div\r\n        class=\"tab-pane fade\"\r\n        id=\"pills-two-code-features\"\r\n        role=\"tabpanel\"\r\n        aria-labelledby=\"pills-two-code-features-tab\"\r\n        >\r\n        <!-- Device Mockup -->\r\n        <div class=\"device-wrapper\">\r\n            <div class=\"device\">\r\n            <img\r\n                class=\"img-fluid\"\r\n                src=\"{{ &macbook.svg }}\"\r\n                alt=\"Image Description\"\r\n            \/>\r\n            <img\r\n                class=\"device-macbook-screen\"\r\n                src=\"{{ &l_img1.jpg }}\"\r\n                alt=\"Image Description\"\r\n            \/>\r\n            <\/div>\r\n            <div class=\"device device-iphone-x\">\r\n            <img\r\n                class=\"device-iphone-x-frame\"\r\n                src=\"{{ &iphone-x.svg }}\"\r\n                alt=\"Image Description\"\r\n            \/>\r\n            <img\r\n                class=\"device-iphone-x-screen\"\r\n                src=\"{{ &s_img4.jpg }}\"\r\n                alt=\"Image Description\"\r\n            \/>\r\n            <\/div>\r\n        <\/div>\r\n        <!-- End Device Mockup -->\r\n        <\/div>\r\n        <div\r\n        class=\"tab-pane fade\"\r\n        id=\"pills-three-code-features\"\r\n        role=\"tabpanel\"\r\n        aria-labelledby=\"pills-three-code-features-tab\"\r\n        >\r\n        <!-- Device Mockup -->\r\n        <div class=\"device-wrapper\">\r\n            <div class=\"device\">\r\n            <img\r\n                class=\"img-fluid\"\r\n                src=\"{{ &macbook.svg }}\"\r\n                alt=\"Image Description\"\r\n            \/>\r\n            <img\r\n                class=\"device-macbook-screen\"\r\n                src=\"{{ &l_img3.jpg }}\"\r\n                alt=\"Image Description\"\r\n            \/>\r\n            <\/div>\r\n            <div class=\"device device-iphone-x\">\r\n            <img\r\n                class=\"device-iphone-x-frame\"\r\n                src=\"{{ &iphone-x.svg }}\"\r\n                alt=\"Image Description\"\r\n            \/>\r\n            <img\r\n                class=\"device-iphone-x-screen\"\r\n                src=\"{{ &s_img3.jpg }}\"\r\n                alt=\"Image Description\"\r\n            \/>\r\n            <\/div>\r\n        <\/div>\r\n        <!-- End Device Mockup -->\r\n        <\/div>\r\n    <\/div>\r\n    <!-- End Tab Content -->\r\n    <\/div>\r\n    <!-- End Features Section -->\r\n\r\n<!-- Free English Test -->\r\n<div id=\"free-english-test\" class=\"modal fade bd-example-modal-lg\" tabindex=\"-1\" role=\"dialog\" aria-labelledby=\"myLargeModalLabel\"\r\n    aria-hidden=\"true\">\r\n    <div class=\"modal-dialog modal-lg\">\r\n        <div class=\"modal-content bg-light p-3\">\r\n            <div class=\"basic-grammar-1\"><\/div>\r\n        <\/div>\r\n    <\/div>\r\n<\/div>\r\n\r\n<!-- Demo Class -->\r\n<div id=\"demo_class\" class=\"modal fade\" tabindex=\"-1\" role=\"dialog\" aria-labelledby=\"exampleModalTopCoverTitle\"\r\n    aria-hidden=\"true\">\r\n    <div class=\"modal-dialog modal-dialog-centered\" role=\"document\">\r\n        <div class=\"modal-content\">\r\n\r\n            <div class=\"modal-top-cover text-center\" style=\"background: #6365cc;;\">\r\n                <figure class=\"position-absolute right-0 bottom-0 left-0\">\r\n                    <svg preserveAspectRatio=\"none\" xmlns=\"http:\/\/www.w3.org\/2000\/svg\" x=\"0px\" y=\"0px\"\r\n                        viewBox=\"0 0 1920 100.1\">\r\n                        <path fill=\"#fff\" d=\"M0,0c0,0,934.4,93.4,1920,0v100.1H0L0,0z\" \/>\r\n                    <\/svg>\r\n                <\/figure>\r\n\r\n                <div class=\"modal-close\">\r\n                    <button type=\"button\" class=\"btn btn-icon btn-sm btn-ghost-light\" data-dismiss=\"modal\"\r\n                        aria-label=\"Close\">\r\n                        <svg width=\"16\" height=\"16\" viewBox=\"0 0 18 18\" xmlns=\"http:\/\/www.w3.org\/2000\/svg\">\r\n                            <path fill=\"#fff\"\r\n                                d=\"M11.5,9.5l5-5c0.2-0.2,0.2-0.6-0.1-0.9l-1-1c-0.3-0.3-0.7-0.3-0.9-0.1l-5,5l-5-5C4.3,2.3,3.9,2.4,3.6,2.6l-1,1 C2.4,3.9,2.3,4.3,2.5,4.5l5,5l-5,5c-0.2,0.2-0.2,0.6,0.1,0.9l1,1c0.3,0.3,0.7,0.3,0.9,0.1l5-5l5,5c0.2,0.2,0.6,0.2,0.9-0.1l1-1 c0.3-0.3,0.3-0.7,0.1-0.9L11.5,9.5z\" \/>\r\n                        <\/svg>\r\n                    <\/button>\r\n                <\/div>\r\n            <\/div>\r\n\r\n            <div class=\"modal-top-cover-avatar\">\r\n                <img class=\"avatar avatar-lg avatar-circle bg-primary avatar-border-lg avatar-centered shadow-soft p-2\"\r\n                    src=\"{{ &firstacademy-icon-white.svg }}\" alt=\"Logo\">\r\n            <\/div>\r\n\r\n            <div class=\"modal-body text-center\">\r\n                <form action=\"\">\r\n                    <h3>Where would you want to attend a demo<\/h3>\r\n                    <div class=\"my-3 bg-soft-primary py-3 rounded-lg\">\r\n                        <div class=\"form-check form-check-inline\">\r\n                            <input class=\"form-check-input\" type=\"radio\" name=\"location\" id=\"Ameerpet\" value=\"ameerpet\">\r\n                            <label class=\"form-check-label\" for=\"Ameerpet\">Ameerpet<\/label>\r\n                        <\/div>\r\n                        <div class=\"form-check form-check-inline\">\r\n                            <input class=\"form-check-input\" type=\"radio\" name=\"location\" id=\"Madhapur\" value=\"madhapur\">\r\n                            <label class=\"form-check-label\" for=\"Madhapur\">Madhapur<\/label>\r\n                        <\/div>\r\n                        <div class=\"form-check form-check-inline\">\r\n                            <input class=\"form-check-input\" type=\"radio\" name=\"location\" id=\"Online\" value=\"online\">\r\n                            <label class=\"form-check-label\" for=\"Online\">Online<\/label>\r\n                        <\/div>\r\n                    <\/div>\r\n                    <h3>Which training do you wish to take up?<\/h3>\r\n                    <div class=\"my-3 py-3 bg-soft-danger rounded-lg\">\r\n                        <div class=\"form-check form-check-inline\">\r\n                            <input class=\"form-check-input\" type=\"checkbox\" value=\"\" id=\"gre\">\r\n                            <label class=\"form-check-label\" for=\"gre\">\r\n                                GRE\r\n                            <\/label>\r\n                        <\/div>\r\n                        <div class=\"form-check form-check-inline\">\r\n                            <input class=\"form-check-input\" type=\"checkbox\" value=\"\" id=\"ielts\">\r\n                            <label class=\"form-check-label\" for=\"ielts\">\r\n                                IELTS\r\n                            <\/label>\r\n                        <\/div>\r\n                        <div class=\"form-check form-check-inline\">\r\n                            <input class=\"form-check-input\" type=\"checkbox\" value=\"\" id=\"pte\">\r\n                            <label class=\"form-check-label\" for=\"pte\">\r\n                                PTE\r\n                            <\/label>\r\n                        <\/div>\r\n                        <div class=\"form-check form-check-inline\">\r\n                            <input class=\"form-check-input\" type=\"checkbox\" value=\"\" id=\"oet\">\r\n                            <label class=\"form-check-label\" for=\"oet\">\r\n                                OET\r\n                            <\/label>\r\n                        <\/div>\r\n                        <div class=\"form-check form-check-inline\">\r\n                            <input class=\"form-check-input\" type=\"checkbox\" value=\"\" id=\"sat\">\r\n                            <label class=\"form-check-label\" for=\"sat\">\r\n                                SAT\r\n                            <\/label>\r\n                        <\/div>\r\n                        <div class=\"form-check form-check-inline\">\r\n                            <input class=\"form-check-input\" type=\"checkbox\" value=\"\" id=\"others\">\r\n                            <label class=\"form-check-label\" for=\"others\">\r\n                                Others\r\n                            <\/label>\r\n                        <\/div>\r\n                    <\/div>\r\n                    <input type=\"text\" class=\"form-control mt-2\" placeholder=\"Name\">\r\n                    <input type=\"email\" class=\"form-control mt-2\" placeholder=\"Email\">\r\n                    <input type=\"text\" class=\"form-control mt-2\" placeholder=\"Phone Number\">\r\n                    <button type=\"submit\" class=\"btn btn-primary btn-sm mt-3\">Submit<\/button>\r\n                <\/form>\r\n            <\/div>\r\n        <\/div>\r\n    <\/div>\r\n<\/div>\r\n\r\n<!-- ========== END MAIN CONTENT ========== -->\r\n{{ @footer }}",
    "html_minified": "<!DOCTYPE html><html lang=\"en\"> <head>  <title>Best IELTS | GRE | TOEFL Coaching | Training in Hyderabad | First Academy<\/title>  <meta charset=\"utf-8\" \/> <meta name=\"viewport\" content=\"width=device-width, initial-scale=1, shrink-to-fit=no\" \/>  <link rel=\"shortcut icon\" href=\"https:\/\/firstacademy.s3.ap-south-1.amazonaws.com\/themes\/7\/file_firstacademy-icon-white.svg\" \/>  <link href=\"https:\/\/firstacademy.s3.ap-south-1.amazonaws.com\/themes\/7\/file_front_all.css\" rel=\"stylesheet\" \/>    <link href=\"https:\/\/firstacademy.s3.ap-south-1.amazonaws.com\/themes\/7\/file_custom.css\" rel=\"stylesheet\" \/> <\/head> <body> <header id=\"header\" class=\"header nav-shadow position-fixed\" style=\"background: #2783a7;\">  <div class=\"header_text\"> <div class=\"text-white py-2 text-center d-block d-lg-flex justify-content-center align-items-center \" id=\"header_text\" style=\"background: #242424;\"> <div class=\"d-flex justify-content-center align-items-center\"> <span class=\"badge rounded-pill bg-primary mr-2\">New<\/span> <h5 class=\"text-white m-0\" id=\"popularPostTitle\"> Loading Popular Blog Post<\/h5> <\/div> <a href=\"#\" class=\"text-decoration-none ml-3 text-info\" id=\"popularPostUrl\">Read More &rarr;<\/a> <\/div> <\/div> <div id=\"logoAndNav\" class=\"container\">  <nav class=\"js-mega-menu navbar navbar-expand-xl d-flex justify-content-between\">  <a href=\"\/\" class=\"d-block d-lg-none\" aria-label=\"Front\"> <img class=\"img-fluid\" src=\"https:\/\/firstacademy.s3.ap-south-1.amazonaws.com\/themes\/7\/file_firstacademy-text-white.svg\" width=\"160\" alt=\"Logo\"> <\/a> <a href=\"\/\" class=\"d-none d-lg-block\" aria-label=\"Front\"> <img class=\"img-fluid\" src=\"https:\/\/firstacademy.s3.ap-south-1.amazonaws.com\/themes\/7\/file_firstacademy-white.svg\" width=\"160\" alt=\"Logo\"> <\/a>  <div> <a class=\"signup_btn ml-3 d-xl-none\" href=\"#\">Sign Up<\/a>  <button type=\"button\" class=\"navbar-toggler btn btn-icon btn-ghost-light\" aria-label=\"Toggle navigation\" aria-expanded=\"false\" aria-controls=\"navBar\" data-toggle=\"collapse\" data-target=\"#navBar\"> <span class=\"navbar-toggler-default\"> <svg width=\"14\" height=\"14\" viewBox=\"0 0 18 18\" xmlns=\"http:\/\/www.w3.org\/2000\/svg\"> <path fill=\"currentColor\" d=\"M17.4,6.2H0.6C0.3,6.2,0,5.9,0,5.5V4.1c0-0.4,0.3-0.7,0.6-0.7h16.9c0.3,0,0.6,0.3,0.6,0.7v1.4C18,5.9,17.7,6.2,17.4,6.2z M17.4,14.1H0.6c-0.3,0-0.6-0.3-0.6-0.7V12c0-0.4,0.3-0.7,0.6-0.7h16.9c0.3,0,0.6,0.3,0.6,0.7v1.4C18,13.7,17.7,14.1,17.4,14.1z\" \/> <\/svg> <\/span> <span class=\"navbar-toggler-toggled\"> <svg width=\"14\" height=\"14\" viewBox=\"0 0 18 18\" xmlns=\"http:\/\/www.w3.org\/2000\/svg\"> <path fill=\"currentColor\" d=\"M11.5,9.5l5-5c0.2-0.2,0.2-0.6-0.1-0.9l-1-1c-0.3-0.3-0.7-0.3-0.9-0.1l-5,5l-5-5C4.3,2.3,3.9,2.4,3.6,2.6l-1,1 C2.4,3.9,2.3,4.3,2.5,4.5l5,5l-5,5c-0.2,0.2-0.2,0.6,0.1,0.9l1,1c0.3,0.3,0.7,0.3,0.9,0.1l5-5l5,5c0.2,0.2,0.6,0.2,0.9-0.1l1-1 c0.3-0.3,0.3-0.7,0.1-0.9L11.5,9.5z\" \/> <\/svg> <\/span> <\/button>  <\/div>  <div id=\"navBar\" class=\"collapse navbar-collapse navbar-dark\"> <ul class=\"navbar-nav\"> <li class=\"navbar-nav-item mr-2\"> <a href=\"\/\" class=\"nav-link\">Home<\/a> <\/li>  <li class=\"hs-has-sub-menu navbar-nav-item\"> <a id=\"pagesMegaMenu\" class=\"hs-mega-menu-invoker nav-link \" href=\"javascript:;\" aria-haspopup=\"true\" aria-expanded=\"false\" aria-labelledby=\"pagesSubMenu\">Courses <i class=\"fas fa-chevron-down font-size-2 pb-2\"><\/i><\/a>  <div id=\"pagesSubMenu\" class=\"hs-sub-menu dropdown-menu \" aria-labelledby=\"pagesMegaMenu\" style=\"min-width: 230px;\"> <div class=\"d-flex\"> <div> <a href=\"\/courses\" class=\"dropdown-item\"> ALL COURSES<\/a> <a href=\"\/ielts\" class=\"dropdown-item\">IELTS<\/a> <a href=\"\/gre\" class=\"dropdown-item\">GRE<\/a> <a href=\"\/pte\" class=\"dropdown-item\">PTE<\/a> <a href=\"\/oet\" class=\"dropdown-item\">OET<\/a> <a href=\"\/sat\" class=\"dropdown-item\">SAT<\/a> <\/div> <div > <a href=\"\/ieltsonline\" class=\"dropdown-item\">IELTS Personalized <br> and Onlilne Training<\/a> <a href=\"\/pteonline\" class=\"dropdown-item\">PTE Personalized <br> and Onlilne Training<\/a> <a href=\"\/custom\" class=\"dropdown-item\">Corporate | Personalized | Onlilne<\/a> <a href=\"\/spokenenglish\" class=\"dropdown-item\">English Language Training<\/a> <a href=\"\/toefl\" class=\"dropdown-item\">TOEFL<\/a> <\/div> <\/div> <\/div>  <\/li>   <li class=\"hs-has-sub-menu navbar-nav-item\"> <a id=\"testsMegaMenu\" class=\"hs-mega-menu-invoker nav-link \" href=\"javascript:;\" aria-haspopup=\"true\" aria-expanded=\"false\" aria-labelledby=\"testsSubMenu\">Tests <i class=\"fas fa-chevron-down font-size-2 pb-2\"><\/i><\/a>  <div id=\"testsSubMenu\" class=\"hs-sub-menu dropdown-menu \" aria-labelledby=\"testsMegaMenu\" style=\"min-width: 230px;\"> <div> <a href=\"https:\/\/testing.firstacademy.in\/\" class=\"dropdown-item\">PTE Tests<\/a> <a href=\"https:\/\/testing.firstacademy.in\/\" class=\"dropdown-item\">GRE Mock Tests<\/a> <a href=\"\/downloads\" class=\"dropdown-item\">Downloads<\/a> <\/div> <\/div>  <\/li>   <li class=\"navbar-nav-item mr-2\"> <a class=\"nav-link\" href=\"\/blog\">Blog<\/a> <\/li>   <li class=\"navbar-nav-item mr-2\"> <a class=\"nav-link\" href=\"\/studyabroad\">Study Abroad<\/a> <\/li>   <li class=\"navbar-nav-item\"> <a href=\"\/contactus\" class=\"nav-link\">Contact Us<\/a> <\/li>   <li class=\"navbar-nav-item ml-lg-3 mt-3 mt-lg-0 d-none d-xl-block\"> <a class=\"signup_btn\" href=\"#\">Sign Up<\/a> <\/li>  <\/ul> <\/div>  <\/nav>  <\/div> <\/div><\/header>  <div style=\"background: url(https:\/\/firstacademy.s3.ap-south-1.amazonaws.com\/themes\/7\/file_homepage_wave.svg);background-repeat: no-repeat; background-position: 0 100%;min-height: 100vh;\"> <svg viewBox=\"0 0 200 200\" class=\"d-none d-lg-block\" xmlns=\"http:\/\/www.w3.org\/2000\/svg\" style=\"width: 45rem; z-index: 0;position: absolute;top: 5%; left: 9%;\"> <path fill=\"#f0f6ff\" d=\"M50.8,-43.5C66.8,-34.8,81.5,-17.4,80.7,-0.8C80,15.8,63.7,31.7,47.7,45.3C31.7,59,15.8,70.5,-2.3,72.8C-20.5,75.2,-41,68.3,-49.7,54.7C-58.4,41,-55.2,20.5,-54.9,0.3C-54.6,-19.9,-57.1,-39.8,-48.4,-48.5C-39.8,-57.3,-19.9,-55,-1.3,-53.7C17.4,-52.5,34.8,-52.3,50.8,-43.5Z\" transform=\"translate(100 100)\" \/> <\/svg> <svg viewBox=\"0 0 200 200\" class=\"d-none d-xl-block\" xmlns=\"http:\/\/www.w3.org\/2000\/svg\" style=\"width: 40rem; z-index: 0;position: absolute;top: -10%; right: -10%;\"> <path fill=\"#f4f8ff\" d=\"M50.8,-43.5C66.8,-34.8,81.5,-17.4,80.7,-0.8C80,15.8,63.7,31.7,47.7,45.3C31.7,59,15.8,70.5,-2.3,72.8C-20.5,75.2,-41,68.3,-49.7,54.7C-58.4,41,-55.2,20.5,-54.9,0.3C-54.6,-19.9,-57.1,-39.8,-48.4,-48.5C-39.8,-57.3,-19.9,-55,-1.3,-53.7C17.4,-52.5,34.8,-52.3,50.8,-43.5Z\" transform=\"translate(100 100)\" \/> <\/svg> <svg viewBox=\"0 0 200 200\" class=\"d-block d-lg-none\" xmlns=\"http:\/\/www.w3.org\/2000\/svg\" style=\"position: absolute; left: -30%;\"> <path fill=\"#f4f8ff\" d=\"M50.8,-43.5C66.8,-34.8,81.5,-17.4,80.7,-0.8C80,15.8,63.7,31.7,47.7,45.3C31.7,59,15.8,70.5,-2.3,72.8C-20.5,75.2,-41,68.3,-49.7,54.7C-58.4,41,-55.2,20.5,-54.9,0.3C-54.6,-19.9,-57.1,-39.8,-48.4,-48.5C-39.8,-57.3,-19.9,-55,-1.3,-53.7C17.4,-52.5,34.8,-52.3,50.8,-43.5Z\" transform=\"translate(100 100)\" \/> <\/svg> <div class=\"container\"> <div class=\"row space-top-4\"> <div class=\"col-12 col-lg-6 text-center\"> <img class=\"img-fluid\" src=\"https:\/\/firstacademy.s3.ap-south-1.amazonaws.com\/themes\/7\/file_clip-reading-of-books-1.png\" style=\"width: 30rem;\" \/> <\/div> <div class=\"col-12 col-lg-6 d-flex align-items-center justify-content-center justify-content-lg-left\"> <div class=\"text-center\"> <h1 class=\"display-4 text-center text-lg-left\">Be Awesome!<\/h1> <p class=\"lead text-center text-lg-left\"> Prepare for IELTS, GRE, PTE, and more.<br \/>Get university suggestions.<br \/>Become awesome!&nbsp; <\/p> <div class=\"btn btn-danger my-3 trytest\" data-container=\"basic-grammar-1\" data-toggle=\"modal\" data-target=\"#free-english-test\">Try a FREE English Test<\/div> <div class=\"btn btn-outline-dark my-3 m-lg-0 ml-lg-3\" data-toggle=\"modal\" data-target=\"#demo_class\">Attend a Demo Class<\/div> <\/div> <\/div> <\/div> <\/div> <\/div><div style=\"background: #e9f2ff;\"> <h2 class=\"text-center\">Our Courses<\/h2> <div class=\"container mb-5 d-none d-lg-block\">  <div class=\"js-slick-carousel slick slick-gutters-3 z-index-2\" data-hs-slick-carousel-options='{ \"slidesToShow\": 5, \"dots\": true, \"dotsClass\": \"slick-pagination d-lg-none\", \"responsive\": [{ \"breakpoint\": 1200, \"settings\": { \"slidesToShow\": 4 } }, { \"breakpoint\": 992, \"settings\": { \"slidesToShow\": 3 } }, { \"breakpoint\": 768, \"settings\": { \"slidesToShow\": 2 } }, { \"breakpoint\": 554, \"settings\": { \"slidesToShow\": 1 } }] }' > <div class=\"js-slide mt-1\">  <article class=\"card shadow-sm max-w-27rem transition-3d-hover mx-auto mb-5\" > <div class=\"card-header bg-danger text-center rounded-top\"> <div class=\"avatar d-block bg-white rounded p-2 mx-auto\"> <img class=\"avatar-img img-fluid\" src=\"https:\/\/firstacademy.s3.ap-south-1.amazonaws.com\/themes\/7\/file_ielts.png\" alt=\"Image Description\" \/> <\/div> <\/div> <div class=\"card-body\"> <div class=\"mb-3\"> <h2 class=\"h4 mb-1\">IELTS<\/h2> <small class=\"d-block text-body\" ><b>Get 8+ Band | Get PR | Go Anywhere<\/b><\/small > <\/div> <a class=\"btn btn-sm btn-block btn-danger\" href=\"#\" >View Details<\/a > <\/div> <\/article>  <\/div> <div class=\"js-slide mt-1\">  <article class=\"card shadow-sm max-w-27rem transition-3d-hover mx-auto mb-5\" > <div class=\"card-header bg-primary text-center rounded-top\"> <div class=\"avatar d-flex align-items-center bg-white rounded p-2 mx-auto\"> <img class=\"img-fluid\" src=\"https:\/\/firstacademy.s3.ap-south-1.amazonaws.com\/themes\/7\/file_gre.png\" alt=\"Image Description\" \/> <\/div> <\/div> <div class=\"card-body\"> <div class=\"mb-3\"> <h3 class=\"h4 mb-1\">GRE<\/h3> <small class=\"d-block text-body\" ><b >Targetting a 320+? You are at the right place!<\/b ><\/small > <\/div> <a class=\"btn btn-sm btn-block btn-primary\" href=\"#\" >Know How!<\/a > <\/div> <\/article>  <\/div> <div class=\"js-slide mt-1\">  <article class=\"card shadow-sm max-w-27rem transition-3d-hover mx-auto mb-5\" > <div class=\"card-header bg-warning text-center rounded-top\"> <div class=\"avatar d-block bg-white rounded p-2 mx-auto\"> <img class=\"avatar-img img-fluid\" src=\"https:\/\/firstacademy.s3.ap-south-1.amazonaws.com\/themes\/7\/file_det.jpg\" alt=\"Image Description\" \/> <\/div> <\/div> <div class=\"card-body\"> <div class=\"mb-3\"> <h4 class=\"mb-1\">DET<\/h4> <small class=\"d-block text-body\" ><b >Conquer the exclusively online test. Get 130+<\/b ><\/small > <\/div> <a class=\"btn btn-sm btn-block btn-warning\" href=\"#\" >Understand DET<\/a > <\/div> <\/article>  <\/div> <div class=\"js-slide mt-1\">  <article class=\"card shadow-sm max-w-27rem transition-3d-hover mx-auto mb-5\" > <div class=\"card-header bg-success text-center rounded-top\"> <div class=\"avatar d-block bg-white rounded p-2 mx-auto\"> <img class=\"avatar-img\" src=\"https:\/\/firstacademy.s3.ap-south-1.amazonaws.com\/themes\/7\/file_pte.jpg\" alt=\"Image Description\" \/> <\/div> <\/div> <div class=\"card-body\"> <div class=\"mb-3\"> <h4 class=\"mb-1\">PTE<\/h4> <small class=\"d-block text-body\" ><b >Hello Australia! 79+ in PTE - the best coaching!<\/b ><\/small > <\/div> <a class=\"btn btn-sm btn-block btn-success\" href=\"#\" >Easy 79+<\/a > <\/div> <\/article>  <\/div> <div class=\"js-slide mt-1\">  <article class=\"card shadow-sm max-w-27rem transition-3d-hover mx-auto mb-5\" > <div class=\"card-header bg-primary text-center rounded-top\"> <div class=\"avatar d-flex align-items-center bg-white rounded p-2 mx-auto\"> <img class=\"img-fluid\" src=\"https:\/\/firstacademy.s3.ap-south-1.amazonaws.com\/themes\/7\/file_oet.png\" alt=\"Image Description\" \/> <\/div> <\/div> <div class=\"card-body\"> <div class=\"mb-3\"> <h4 class=\"mb-1\">OET<\/h4> <small class=\"d-block text-body\" ><b >An easy path to B+ in all sections. 100% Results!<\/b ><\/small > <\/div> <a class=\"btn btn-sm btn-block btn-primary\" href=\"#\" >Get B+ in All!<\/a > <\/div> <\/article>  <\/div> <\/div>  <\/div> <div class=\"d-lg-none py-3 mb-5\" style=\"background:#e9f2ff\">  <div class=\"js-slick-carousel slick slick-gutters-3 z-index-2 py-5\" data-hs-slick-carousel-options='{ \"slidesToShow\": 5, \"dots\": true, \"dotsClass\": \"slick-pagination d-lg-none\", \"responsive\": [{ \"breakpoint\": 1200, \"settings\": { \"slidesToShow\": 4 } }, { \"breakpoint\": 992, \"settings\": { \"slidesToShow\": 3 } }, { \"breakpoint\": 768, \"settings\": { \"slidesToShow\": 2 } }, { \"breakpoint\": 554, \"settings\": { \"slidesToShow\": 1 } }] }' > <div class=\"js-slide mt-1\">  <article class=\"card shadow-sm max-w-27rem transition-3d-hover mx-auto mb-5\" > <div class=\"card-header bg-danger text-center rounded-top\"> <div class=\"avatar d-block bg-white rounded p-2 mx-auto\"> <img class=\"avatar-img img-fluid\" src=\"https:\/\/firstacademy.s3.ap-south-1.amazonaws.com\/themes\/7\/file_ielts.png\" alt=\"Image Description\" \/> <\/div> <\/div> <div class=\"card-body\"> <div class=\"mb-3\"> <h2 class=\"h4 mb-1\">IELTS<\/h2> <small class=\"d-block text-body\" ><b>Get 8+ Band | Get PR | Go Anywhere<\/b><\/small > <\/div> <a class=\"btn btn-sm btn-block btn-danger\" href=\"#\" >View Details<\/a > <\/div> <\/article>  <\/div> <div class=\"js-slide mt-1\">  <article class=\"card shadow-sm max-w-27rem transition-3d-hover mx-auto mb-5\" > <div class=\"card-header bg-primary text-center rounded-top\"> <div class=\"avatar d-flex align-items-center bg-white rounded p-2 mx-auto\"> <img class=\"img-fluid\" src=\"https:\/\/firstacademy.s3.ap-south-1.amazonaws.com\/themes\/7\/file_gre.png\" alt=\"Image Description\" \/> <\/div> <\/div> <div class=\"card-body\"> <div class=\"mb-3\"> <h3 class=\"h4 mb-1\">GRE<\/h3> <small class=\"d-block text-body\" ><b >Targetting a 320+? You are at the right place!<\/b ><\/small > <\/div> <a class=\"btn btn-sm btn-block btn-primary\" href=\"#\" >Know How!<\/a > <\/div> <\/article>  <\/div> <div class=\"js-slide mt-1\">  <article class=\"card shadow-sm max-w-27rem transition-3d-hover mx-auto mb-5\" > <div class=\"card-header bg-warning text-center rounded-top\"> <div class=\"avatar d-block bg-white rounded p-2 mx-auto\"> <img class=\"avatar-img img-fluid\" src=\"https:\/\/firstacademy.s3.ap-south-1.amazonaws.com\/themes\/7\/file_det.jpg\" alt=\"Image Description\" \/> <\/div> <\/div> <div class=\"card-body\"> <div class=\"mb-3\"> <h4 class=\"mb-1\">DET<\/h4> <small class=\"d-block text-body\" ><b >Conquer the exclusively online test. Get 130+<\/b ><\/small > <\/div> <a class=\"btn btn-sm btn-block btn-warning\" href=\"#\" >Understand DET<\/a > <\/div> <\/article>  <\/div> <div class=\"js-slide mt-1\">  <article class=\"card shadow-sm max-w-27rem transition-3d-hover mx-auto mb-5\" > <div class=\"card-header bg-success text-center rounded-top\"> <div class=\"avatar d-block bg-white rounded p-2 mx-auto\"> <img class=\"avatar-img img-fluid\" src=\"https:\/\/firstacademy.s3.ap-south-1.amazonaws.com\/themes\/7\/file_pte.jpg\" alt=\"Image Description\" \/> <\/div> <\/div> <div class=\"card-body\"> <div class=\"mb-3\"> <h4 class=\"mb-1\">PTE<\/h4> <small class=\"d-block text-body\" ><b >Hello Australia! 79+ in PTE - the best coaching!<\/b ><\/small > <\/div> <a class=\"btn btn-sm btn-block btn-success\" href=\"#\" >Easy 79+<\/a > <\/div> <\/article>  <\/div> <div class=\"js-slide mt-1\">  <article class=\"card shadow-sm max-w-27rem transition-3d-hover mx-auto mb-5\" > <div class=\"card-header bg-primary text-center rounded-top\"> <div class=\"avatar d-flex align-items-center bg-white rounded p-2 mx-auto\"> <img class=\"img-fluid\" src=\"https:\/\/firstacademy.s3.ap-south-1.amazonaws.com\/themes\/7\/file_oet.png\" alt=\"Image Description\" \/> <\/div> <\/div> <div class=\"card-body\"> <div class=\"mb-3\"> <h4 class=\"mb-1\">OET<\/h4> <small class=\"d-block text-body\" ><b >An easy path to B+ in all sections. 100% Results!<\/b ><\/small > <\/div> <a class=\"btn btn-sm btn-block btn-primary\" href=\"#\" >Get B+ in All!<\/a > <\/div> <\/article>  <\/div> <\/div>  <\/div><\/div><div class=\"container my-5\"> <h2 class=\"text-center my-5\">Our Tests<\/h2> <div> <a href=\"#\" class=\"badge badge-soft-info rounded-pill p-3 mb-2\">Academic Writing<\/a> <a href=\"#\" class=\"badge badge-soft-info rounded-pill p-3 mb-2\">Appostives<\/a> <a href=\"#\" class=\"badge badge-soft-info rounded-pill p-3 mb-2\">Basic Grammar<\/a> <a href=\"#\" class=\"badge badge-soft-info rounded-pill p-3 mb-2\">Duolino Word Completion<\/a> <a href=\"#\" class=\"badge badge-soft-info rounded-pill p-3 mb-2\">Four Letter Words Quiz<\/a> <a href=\"#\" class=\"badge badge-soft-info rounded-pill p-3 mb-2\">IELTS Skills Test<\/a> <a href=\"#\" class=\"badge badge-soft-info rounded-pill p-3 mb-2\">Listening Mini Test<\/a> <a href=\"#\" class=\"badge badge-soft-info rounded-pill p-3 mb-2\">Readning Mini Test<\/a> <a href=\"#\" class=\"badge badge-soft-info rounded-pill p-3 mb-2\">Subject Verb<\/a> <a href=\"#\" class=\"badge badge-soft-info rounded-pill p-3 mb-2\">Words about Combining and Separating<\/a> <\/div><\/div>  <div class=\"overflow-hidden\"> <div class=\"container\"> <div class=\"row\"> <div class=\"col-lg-6 mb-3 mb-lg-0\">  <div class=\"card bg-primary text-white h-100 overflow-hidden p-5\"> <div class=\"w-65 pr-2\"> <h2 class=\"text-white\">Attend A Session<\/h2> <p class=\"text-white\"> Attend a session. Interact with our trainers and see why we are the best! <\/p> <a class=\"btn btn-sm btn-light transition-3d-hover\" href=\"#\" >Attend Session&nbsp;<i class=\"fas fa-angle-right ml-1\"><\/i ><\/a> <\/div> <div class=\"position-absolute right-0 bottom-0 mb-n3 mr-n4\" > <img class=\"img-fluid\" src=\"https:\/\/firstacademy.s3.ap-south-1.amazonaws.com\/themes\/7\/file_card_img_15.png\" alt=\"Image Description\" \/> <\/div> <\/div>  <\/div> <div class=\"col-lg-6\">  <div class=\"card bg-warning text-white h-100 overflow-hidden p-5\"> <div class=\"w-65 pr-2\"> <h2 class=\"text-white\">University Advice<\/h2> <p class=\"text-white\"> Looking for a particular course or a particular university? Let us help you! <\/p> <a class=\"btn btn-sm btn-light transition-3d-hover\" href=\"#\" >Admission Advice&nbsp;<i class=\"fas fa-angle-right ml-1\" ><\/i ><\/a> <\/div> <div class=\"position-absolute right-0 bottom-0 w-50 mb-n3 mr-n4\" > <img class=\"img-fluid\" src=\"https:\/\/firstacademy.s3.ap-south-1.amazonaws.com\/themes\/7\/file_card_img_12.png\" alt=\"Image Description\" \/> <\/div> <\/div>  <\/div> <\/div> <\/div> <\/div>  <div class=\"mt-5\" style=\"background: #e9f2ff;\"> <div class=\"container space-2\">  <div class=\"w-md-80 w-lg-50 text-center mx-md-auto mb-5 mb-md-9\"> <h2>Built to make you the best!<\/h2> <p> Get insights to dig down into what&apos;s powering your growth the most. <\/p> <\/div>  <div class=\"row\"> <div class=\"col-lg-8 mb-7 mb-lg-0\"> <div class=\"row\"> <div class=\"col-sm-6 mb-3 mb-sm-7\">  <div class=\"pr-lg-6\"> <figure class=\"max-w-6rem w-100 mb-4\"> <img class=\"img-fluid\" src=\"https:\/\/firstacademy.s3.ap-south-1.amazonaws.com\/themes\/7\/file_storytelling.svg\" alt=\"SVG\" \/> <\/figure> <h3 class=\"h4\">The Best Material<\/h3> <p class=\"text-body\"> Material that matches the training! Get material made exclusively for you by our <b>Cambridge certified trainers<\/b>!<br \/> <\/p> <\/div>  <\/div> <div class=\"col-sm-6 mb-3 mb-sm-7\">  <div class=\"pr-lg-6\"> <figure class=\"max-w-6rem w-100 mb-4\"> <img class=\"img-fluid\" src=\"https:\/\/firstacademy.s3.ap-south-1.amazonaws.com\/themes\/7\/file_input.svg\" alt=\"SVG\" \/> <\/figure> <h4>Get Personalised Inputs<br \/><\/h4> <p class=\"text-body\"> Join the only company that offers personalised evaluations with <b>feedback exclusively designed for you!<\/b> <\/p> <\/div>  <\/div> <div class=\"col-sm-6 mb-3 mb-sm-0\">  <div class=\"pr-lg-6\"> <figure class=\"max-w-6rem w-100 mb-4\"> <img class=\"img-fluid\" src=\"https:\/\/firstacademy.s3.ap-south-1.amazonaws.com\/themes\/7\/file_chat.svg\" alt=\"SVG\" \/> <\/figure> <h4>Full-Online Support<\/h4> <p class=\"text-body\"> Practice where you want, when you want. Get results on the fly, and monitor your progress! <\/p> <\/div>  <\/div> <div class=\"col-sm-6 mb-sm-0\">  <div class=\"pr-lg-6\"> <figure class=\"max-w-6rem w-100 mb-4\"> <img class=\"img-fluid\" src=\"https:\/\/firstacademy.s3.ap-south-1.amazonaws.com\/themes\/7\/file_score.svg\" alt=\"SVG\" \/> <\/figure> <h4>Guarantee Great Scores<\/h4> <p class=\"text-body\"> With our super focussed trainer recommendations, you will be on your way to a fantastic score! <\/p> <\/div>  <\/div> <\/div> <\/div> <div class=\"col-sm-8 col-md-6 col-lg-4\">  <article class=\"position-relative\"> <a class=\"card shadow-none bg-img-hero w-100 min-h-450rem transition-3d-hover\" href=\"#\" > <div class=\"card-body pb-0\"> <h4>Attend A Session For Free!<\/h4> <p class=\"text-body mb-0\"> Get free access to our sessions and our tests! You will love them! <\/p> <\/div> <img src=\"https:\/\/firstacademy.s3.ap-south-1.amazonaws.com\/themes\/7\/file_test.png\" class=\"img-fluid\" alt=\"\"> <div class=\"card-footer border-0 bg-transparent pt-0 d-flex align-items-center\"> <span class=\"font-weight-bold\" >Get Access<\/span> <i class=\"fas fa-angle-right fa-sm ml-1\" style=\"margin-top: -5px\"><\/i> <\/div> <\/a> <\/article>  <\/div> <\/div> <\/div> <\/div>  <div class=\"container space-top-2\">  <div class=\"w-md-80 w-lg-50 text-center mx-md-auto mb-5 mb-md-9\"> <h2> <h2 spellcheck=\"true\" data-medium-editor-element=\"true\" role=\"textbox\" aria-multiline=\"true\" data-medium-editor-editor-index=\"25\" medium-editor-index=\"4b7a02bc-17b3-bbeb-ba24-9857d806807a\" data-placeholder=\"Type your text\" data-medium-focused=\"true\" > Get the score you want, and go to the country of your dreams! <\/h2> <\/h2> <\/div>   <div class=\"text-center\"> <ul class=\"nav nav-segment nav-pills scrollbar-horizontal mb-7\" role=\"tablist\" > <li class=\"nav-item\"> <a class=\"nav-link active\" id=\"pills-one-code-features-tab\" data-toggle=\"pill\" href=\"#pills-one-code-features\" role=\"tab\" aria-controls=\"pills-one-code-features\" aria-selected=\"true\" >Exclusive Material<\/a > <\/li> <li class=\"nav-item\"> <a class=\"nav-link\" id=\"pills-two-code-features-tab\" data-toggle=\"pill\" href=\"#pills-two-code-features\" role=\"tab\" aria-controls=\"pills-two-code-features\" aria-selected=\"false\" >Full-Online Support<\/a > <\/li> <li class=\"nav-item\"> <a class=\"nav-link\" id=\"pills-three-code-features-tab\" data-toggle=\"pill\" href=\"#pills-three-code-features\" role=\"tab\" aria-controls=\"pills-three-code-features\" aria-selected=\"false\" >Personalised Support<\/a > <\/li> <\/ul> <\/div>   <div class=\"tab-content pr-lg-4\"> <div class=\"tab-pane fade show active\" id=\"pills-one-code-features\" role=\"tabpanel\" aria-labelledby=\"pills-one-code-features-tab\" >  <div class=\"device-wrapper\"> <div class=\"device\"> <img class=\"img-fluid\" src=\"https:\/\/firstacademy.s3.ap-south-1.amazonaws.com\/themes\/7\/file_macbook.svg\" alt=\"Image Description\" \/> <img class=\"device-macbook-screen\" src=\"https:\/\/firstacademy.s3.ap-south-1.amazonaws.com\/themes\/7\/file_l_img2.jpg\" alt=\"Image Description\" \/> <\/div> <div class=\"device device-iphone-x\"> <img class=\"device-iphone-x-frame\" src=\"https:\/\/firstacademy.s3.ap-south-1.amazonaws.com\/themes\/7\/file_iphone-x.svg\" alt=\"Image Description\" \/> <img class=\"device-iphone-x-screen\" src=\"https:\/\/firstacademy.s3.ap-south-1.amazonaws.com\/themes\/7\/file_s_img2.jpg\" alt=\"Image Description\" \/> <\/div> <\/div>  <\/div> <div class=\"tab-pane fade\" id=\"pills-two-code-features\" role=\"tabpanel\" aria-labelledby=\"pills-two-code-features-tab\" >  <div class=\"device-wrapper\"> <div class=\"device\"> <img class=\"img-fluid\" src=\"https:\/\/firstacademy.s3.ap-south-1.amazonaws.com\/themes\/7\/file_macbook.svg\" alt=\"Image Description\" \/> <img class=\"device-macbook-screen\" src=\"https:\/\/firstacademy.s3.ap-south-1.amazonaws.com\/themes\/7\/file_l_img1.jpg\" alt=\"Image Description\" \/> <\/div> <div class=\"device device-iphone-x\"> <img class=\"device-iphone-x-frame\" src=\"https:\/\/firstacademy.s3.ap-south-1.amazonaws.com\/themes\/7\/file_iphone-x.svg\" alt=\"Image Description\" \/> <img class=\"device-iphone-x-screen\" src=\"https:\/\/firstacademy.s3.ap-south-1.amazonaws.com\/themes\/7\/file_s_img4.jpg\" alt=\"Image Description\" \/> <\/div> <\/div>  <\/div> <div class=\"tab-pane fade\" id=\"pills-three-code-features\" role=\"tabpanel\" aria-labelledby=\"pills-three-code-features-tab\" >  <div class=\"device-wrapper\"> <div class=\"device\"> <img class=\"img-fluid\" src=\"https:\/\/firstacademy.s3.ap-south-1.amazonaws.com\/themes\/7\/file_macbook.svg\" alt=\"Image Description\" \/> <img class=\"device-macbook-screen\" src=\"https:\/\/firstacademy.s3.ap-south-1.amazonaws.com\/themes\/7\/file_l_img3.jpg\" alt=\"Image Description\" \/> <\/div> <div class=\"device device-iphone-x\"> <img class=\"device-iphone-x-frame\" src=\"https:\/\/firstacademy.s3.ap-south-1.amazonaws.com\/themes\/7\/file_iphone-x.svg\" alt=\"Image Description\" \/> <img class=\"device-iphone-x-screen\" src=\"https:\/\/firstacademy.s3.ap-south-1.amazonaws.com\/themes\/7\/file_s_img3.jpg\" alt=\"Image Description\" \/> <\/div> <\/div>  <\/div> <\/div>  <\/div> <div id=\"free-english-test\" class=\"modal fade bd-example-modal-lg\" tabindex=\"-1\" role=\"dialog\" aria-labelledby=\"myLargeModalLabel\" aria-hidden=\"true\"> <div class=\"modal-dialog modal-lg\"> <div class=\"modal-content bg-light p-3\"> <div class=\"basic-grammar-1\"><\/div> <\/div> <\/div><\/div><div id=\"demo_class\" class=\"modal fade\" tabindex=\"-1\" role=\"dialog\" aria-labelledby=\"exampleModalTopCoverTitle\" aria-hidden=\"true\"> <div class=\"modal-dialog modal-dialog-centered\" role=\"document\"> <div class=\"modal-content\"> <div class=\"modal-top-cover text-center\" style=\"background: #6365cc;;\"> <figure class=\"position-absolute right-0 bottom-0 left-0\"> <svg preserveAspectRatio=\"none\" xmlns=\"http:\/\/www.w3.org\/2000\/svg\" x=\"0px\" y=\"0px\" viewBox=\"0 0 1920 100.1\"> <path fill=\"#fff\" d=\"M0,0c0,0,934.4,93.4,1920,0v100.1H0L0,0z\" \/> <\/svg> <\/figure> <div class=\"modal-close\"> <button type=\"button\" class=\"btn btn-icon btn-sm btn-ghost-light\" data-dismiss=\"modal\" aria-label=\"Close\"> <svg width=\"16\" height=\"16\" viewBox=\"0 0 18 18\" xmlns=\"http:\/\/www.w3.org\/2000\/svg\"> <path fill=\"#fff\" d=\"M11.5,9.5l5-5c0.2-0.2,0.2-0.6-0.1-0.9l-1-1c-0.3-0.3-0.7-0.3-0.9-0.1l-5,5l-5-5C4.3,2.3,3.9,2.4,3.6,2.6l-1,1 C2.4,3.9,2.3,4.3,2.5,4.5l5,5l-5,5c-0.2,0.2-0.2,0.6,0.1,0.9l1,1c0.3,0.3,0.7,0.3,0.9,0.1l5-5l5,5c0.2,0.2,0.6,0.2,0.9-0.1l1-1 c0.3-0.3,0.3-0.7,0.1-0.9L11.5,9.5z\" \/> <\/svg> <\/button> <\/div> <\/div> <div class=\"modal-top-cover-avatar\"> <img class=\"avatar avatar-lg avatar-circle bg-primary avatar-border-lg avatar-centered shadow-soft p-2\" src=\"https:\/\/firstacademy.s3.ap-south-1.amazonaws.com\/themes\/7\/file_firstacademy-icon-white.svg\" alt=\"Logo\"> <\/div> <div class=\"modal-body text-center\"> <form action=\"\"> <h3>Where would you want to attend a demo<\/h3> <div class=\"my-3 bg-soft-primary py-3 rounded-lg\"> <div class=\"form-check form-check-inline\"> <input class=\"form-check-input\" type=\"radio\" name=\"location\" id=\"Ameerpet\" value=\"ameerpet\"> <label class=\"form-check-label\" for=\"Ameerpet\">Ameerpet<\/label> <\/div> <div class=\"form-check form-check-inline\"> <input class=\"form-check-input\" type=\"radio\" name=\"location\" id=\"Madhapur\" value=\"madhapur\"> <label class=\"form-check-label\" for=\"Madhapur\">Madhapur<\/label> <\/div> <div class=\"form-check form-check-inline\"> <input class=\"form-check-input\" type=\"radio\" name=\"location\" id=\"Online\" value=\"online\"> <label class=\"form-check-label\" for=\"Online\">Online<\/label> <\/div> <\/div> <h3>Which training do you wish to take up?<\/h3> <div class=\"my-3 py-3 bg-soft-danger rounded-lg\"> <div class=\"form-check form-check-inline\"> <input class=\"form-check-input\" type=\"checkbox\" value=\"\" id=\"gre\"> <label class=\"form-check-label\" for=\"gre\"> GRE <\/label> <\/div> <div class=\"form-check form-check-inline\"> <input class=\"form-check-input\" type=\"checkbox\" value=\"\" id=\"ielts\"> <label class=\"form-check-label\" for=\"ielts\"> IELTS <\/label> <\/div> <div class=\"form-check form-check-inline\"> <input class=\"form-check-input\" type=\"checkbox\" value=\"\" id=\"pte\"> <label class=\"form-check-label\" for=\"pte\"> PTE <\/label> <\/div> <div class=\"form-check form-check-inline\"> <input class=\"form-check-input\" type=\"checkbox\" value=\"\" id=\"oet\"> <label class=\"form-check-label\" for=\"oet\"> OET <\/label> <\/div> <div class=\"form-check form-check-inline\"> <input class=\"form-check-input\" type=\"checkbox\" value=\"\" id=\"sat\"> <label class=\"form-check-label\" for=\"sat\"> SAT <\/label> <\/div> <div class=\"form-check form-check-inline\"> <input class=\"form-check-input\" type=\"checkbox\" value=\"\" id=\"others\"> <label class=\"form-check-label\" for=\"others\"> Others <\/label> <\/div> <\/div> <input type=\"text\" class=\"form-control mt-2\" placeholder=\"Name\"> <input type=\"email\" class=\"form-control mt-2\" placeholder=\"Email\"> <input type=\"text\" class=\"form-control mt-2\" placeholder=\"Phone Number\"> <button type=\"submit\" class=\"btn btn-primary btn-sm mt-3\">Submit<\/button> <\/form> <\/div> <\/div> <\/div><\/div><div id=\"exampleModalTopCover\" class=\"modal fade piofx_modal\" tabindex=\"-1\" role=\"dialog\" aria-labelledby=\"exampleModalTopCoverTitle\" aria-hidden=\"true\"> <div class=\"modal-dialog modal-dialog-centered\" role=\"document\"> <div class=\"modal-content\"> <div class=\"modal-top-cover text-center\" style=\"background: #6365cc;;\"> <figure class=\"position-absolute right-0 bottom-0 left-0\"> <svg preserveAspectRatio=\"none\" xmlns=\"http:\/\/www.w3.org\/2000\/svg\" x=\"0px\" y=\"0px\" viewBox=\"0 0 1920 100.1\"> <path fill=\"#fff\" d=\"M0,0c0,0,934.4,93.4,1920,0v100.1H0L0,0z\" \/> <\/svg> <\/figure> <div class=\"modal-close\"> <button type=\"button\" class=\"btn btn-icon btn-sm btn-ghost-light\" data-dismiss=\"modal\" aria-label=\"Close\" onclick=\"sessionStorage.setItem('show_piofx_modal', 'false');\"> <svg width=\"16\" height=\"16\" viewBox=\"0 0 18 18\" xmlns=\"http:\/\/www.w3.org\/2000\/svg\"> <path fill=\"#fff\" d=\"M11.5,9.5l5-5c0.2-0.2,0.2-0.6-0.1-0.9l-1-1c-0.3-0.3-0.7-0.3-0.9-0.1l-5,5l-5-5C4.3,2.3,3.9,2.4,3.6,2.6l-1,1 C2.4,3.9,2.3,4.3,2.5,4.5l5,5l-5,5c-0.2,0.2-0.2,0.6,0.1,0.9l1,1c0.3,0.3,0.7,0.3,0.9,0.1l5-5l5,5c0.2,0.2,0.6,0.2,0.9-0.1l1-1 c0.3-0.3,0.3-0.7,0.1-0.9L11.5,9.5z\" \/> <\/svg> <\/button> <\/div> <\/div> <div class=\"modal-top-cover-avatar\"> <img class=\"avatar avatar-lg avatar-circle bg-primary avatar-border-lg avatar-centered shadow-soft p-2\" src=\"https:\/\/firstacademy.s3.ap-south-1.amazonaws.com\/themes\/7\/file_firstacademy-icon-white.svg\" alt=\"Logo\"> <\/div> <div class=\"modal-body text-center\"> <h3>Wanna assess yourself?<\/h3> <p>Take a Free IELTS Test<\/p> <button type=\"button\" class=\"btn btn-sm btn-soft-primary\">Try Now<\/button> <\/div> <\/div> <\/div><\/div><div class=\"toast piofx_toast piofx_toast_b_l ml-2 d-none d-md-block\" style=\"background: #c0392b;z-index:2000;\" role=\"alert\" aria-live=\"assertive\" aria-atomic=\"true\" data-time=\"3000\"> <i class=\"fas fa-times text-white text-right close mr-2 mt-2\" style=\"font-size: 1.5rem; cursor: pointer;\" onclick=\"close_toast();\"><\/i> <div class=\"toast-body text-center py-5 px-3\" style=\"max-width: 17rem;\"> <img src=\"https:\/\/firstacademy.s3.ap-south-1.amazonaws.com\/themes\/7\/file_firstacademy-icon-white.svg\" class=\"img-fluid\"> <h3 class=\"text-white mt-3\">Want to assess yourself?<\/h3> <p class=\"mt-1 text-white\">Take a Free IELTS Test<\/p> <\/div> <a href=\"#\" class=\"bg-white text-center d-flex justify-content-center align-items-center\" data-toggle=\"modal\" data-target=\"#free_test\" style=\"height: 2.5rem;cursor: pointer;\" onclick=\"close_toast();\"> <i class=\"fas fa-chevron-right text-secondary\" style=\"margin-top: -5px;font-size: 1.5rem\"><\/i> <\/a><\/div><div class=\"chat_bubble_outer\"><\/div><div class=\"chat_bubble d-flex align-items-center justify-content-center\" onclick=\"show_box();\"> <i class=\"fas fa-comment-alt open_chat_bubble\" style=\"margin-top: -5px;\"><\/i> <i class=\"fas fa-times close_chat_bubble\" style=\"margin-top: -5px;display: none;\"><\/i><\/div><div class=\"chat_box\"> <div class=\"chat_box_head text-center\"> <img src=\"https:\/\/firstacademy.s3.ap-south-1.amazonaws.com\/themes\/7\/file_firstacademy-icon-white.svg\" class=\"img-fluid\"> <h3 class=\"pl-2 text-white mt-3 mb-0\">How can we help?<\/h3> <p class=\"text-muted mb-0\">We usually respond in a few hours<\/p> <\/div> <div class=\"chat_box_content bg-light d-flex justify-content-center\"> <form class=\"\"> <input type=\"text\" placeholder=\"Name\" class=\"form-control border-dark bg-white\"> <input type=\"email\" placeholder=\"Email\" class=\"form-control border-dark bg-white mt-2\"> <input type=\"text\" class=\"form-control border-dark bg-white mt-2\" placeholder=\"Phone Number\"> <textarea name=\"\" id=\"\" cols=\"30\" rows=\"5\" class=\"form-control border-dark bg-white mt-2\" placeholder=\"Your Query\"><\/textarea> <button class=\"btn btn-block btn-primary mt-3\">Send a Message<\/button> <\/form> <\/div><\/div><div class=\"mt-10\" style=\"background: #f9efc3;\"> <div class=\"container space-1\"> <div class=\"row justify-content-lg-between align-items-lg-center text-center text-lg-left\"> <div class=\"col-lg-5 mb-5 mb-lg-0\"> <h2 class=\"text-dark mb-0\">Wanna Assess Yourself ?<\/h2> <p class=\"text-muted\">Take a Free IELTS Test<\/p> <\/div> <div class=\"col-lg-5 text-lg-right\"> <a class=\"btn btn-indigo btn-wide btn-pill transition-3d-hover mx-1 mb-2\" href=\"#\">Try Now<\/a> <a class=\"btn btn-light btn-wide btn-pill transition-3d-hover mx-1 mb-2\" href=\"#\">Learn More<\/a> <\/div> <\/div> <\/div><\/div><footer style=\"background: #0f3341;\"> <div class=\"container\"> <div class=\"space-top-1 space-bottom-1 space-bottom-lg-1\"> <div class=\"row justify-content-lg-between\"> <div class=\"col-lg-3 ml-lg-auto mb-2 mb-lg-0\">  <div class=\"mb-3\"> <a href=\"#\"> <img class=\"brand w-75\" src=\"https:\/\/firstacademy.s3.ap-south-1.amazonaws.com\/themes\/7\/file_firstacademy-icon-white.svg\" alt=\"Logo\"> <\/a> <\/div>   <ul class=\"nav nav-sm nav-x-0 nav-white flex-column\"> <li class=\"nav-item\"> <a class=\"nav-link media\" href=\"javascript:;\"> <span class=\"media\"> <span class=\"fas fa-location-arrow mt-1 mr-2\"><\/span> <span class=\"media-body\"> 707 - 708, Pavani Prestige, Ameerpet, Hyderabad, Telengana, 500016 <\/span> <\/span> <\/a> <\/li> <li class=\"nav-item\"> <a class=\"nav-link media\" href=\"tel:+91-000-000-0000\"> <span class=\"media\"> <span class=\"fas fa-phone-alt mt-1 mr-2\"><\/span> <span class=\"media-body\"> +91 98 666 88 666 <br> +91 99 666 666 33 <\/span> <\/span> <\/a> <\/li> <\/ul>  <\/div> <div class=\"col-6 col-md-3 col-lg mb-3 mb-md-0\"> <h5 class=\"text-white\">Services<\/h5> <div class=\"row\"> <div class=\"col-6\">  <ul class=\"nav nav-sm nav-x-0 nav-white flex-column\"> <li class=\"nav-item\"><a class=\"nav-link\" href=\"\/ielts\">IELTS<\/a><\/li> <li class=\"nav-item\"><a class=\"nav-link\" href=\"\/pte\">PTE<\/a><\/li> <li class=\"nav-item\"><a class=\"nav-link\" href=\"\/toefl\">TOEFl<\/a><\/li> <li class=\"nav-item\"><a class=\"nav-link\" href=\"\/pteonline\">PTE Online<\/a><\/li> <li class=\"nav-item\"><a class=\"nav-link\" href=\"\/custom\">Corporate Training<\/a><\/li> <\/ul>  <\/div> <div class=\"col-6\">  <ul class=\"nav nav-sm nav-x-0 nav-white flex-column\"> <li class=\"nav-item\"><a class=\"nav-link\" href=\"\/gre\">GRE<\/a><\/li> <li class=\"nav-item\"><a class=\"nav-link\" href=\"\/oet\">OET<\/a><\/li> <li class=\"nav-item\"><a class=\"nav-link\" href=\"\/ieltsonline\">IELTS Online<\/a><\/li> <li class=\"nav-item\"><a class=\"nav-link\" href=\"\/spokenenglish\">Spoken English<\/a><\/li> <li class=\"nav-item\"><a class=\"nav-link\" href=\"https:\/\/testing.firstacademy.in\">Online Tests<\/a><\/li> <\/ul>  <\/div> <\/div> <\/div> <div class=\"col-6 col-md-3 col-lg\"> <h5 class=\"text-white\">Our Company<\/h5>  <ul class=\"nav nav-sm nav-x-0 nav-white flex-column\"> <li class=\"nav-item\"><a class=\"nav-link\" href=\"\/contactus\">Contact Us<\/a><\/li> <li class=\"nav-item\"><a class=\"nav-link\" href=\"\/reviews\">Reviews<\/a><\/li> <\/ul>  <\/div> <\/div> <\/div> <hr class=\"opacity-xs my-0\"> <div class=\"py-3\"> <div class=\"row align-items-md-center mb-3\"> <div class=\"col-md-6 mb-4 mb-md-0\">  <ul class=\"nav nav-sm nav-white nav-x-sm align-items-center\"> <li class=\"nav-item\"> <a class=\"nav-link\" href=\"\/privacy\">Privacy &amp; Policy<\/a> <\/li> <li class=\"nav-item opacity mx-3\">&#47;<\/li> <li class=\"nav-item\"> <a class=\"nav-link\" href=\"\/terms\">Terms & Services<\/a> <\/li> <\/ul>  <\/div> <div class=\"col-md-6 text-md-right\"> <ul class=\"list-inline mb-0\">  <li class=\"list-inline-item\"> <a class=\"btn btn-xs btn-icon btn-soft-light\" href=\"https:\/\/www.facebook.com\/firstacademy.in\/\"> <i class=\"fab fa-facebook-f\"><\/i> <\/a> <\/li> <li class=\"list-inline-item\"> <a class=\"btn btn-xs btn-icon btn-soft-light\" href=\"https:\/\/www.instagram.com\/firstacademy.in\/\"> <i class=\"fab fa-instagram\"><\/i> <\/a> <\/li> <li class=\"list-inline-item\"> <a class=\"btn btn-xs btn-icon btn-soft-light\" href=\"https:\/\/t.me\/firstacademy\"> <i class=\"fab fa-telegram\"><\/i> <\/a> <\/li> <li class=\"list-inline-item\"> <a class=\"btn btn-xs btn-icon btn-soft-light\" href=\"https:\/\/www.youtube.com\/c\/FirstacademyIn\/featured\"> <i class=\"fab fa-youtube\"><\/i> <\/a> <\/li>  <\/ul> <\/div> <\/div>  <div class=\"w-md-75 text-lg-center mx-lg-auto\"> <p class=\"text-white opacity-sm small\">&copy; 2021 First Academy. All rights reserved.<\/p> <p class=\"text-white opacity-sm small\">When you visit or interact with our sites, services or tools, we or our authorised service providers may use cookies for storing information to help provide you with a better, faster and safer experience and for marketing purposes.<\/p> <\/div>  <\/div> <\/div><\/footer><script src=\"https:\/\/firstacademy.s3.ap-south-1.amazonaws.com\/themes\/7\/file_front_all.js\"><\/script><script>$(document).on('ready', function() { \/\/ initialization of header var header = new HSHeader($('#header')).init(); \/\/ initialization of mega menu var megaMenu = new HSMegaMenu($('.js-mega-menu'), { desktop: { position: 'left' } }).init(); \/\/ initialization of unfold var unfold = new HSUnfold('.js-hs-unfold-invoker').init(); \/\/ initialization of show animations $('.js-animation-link').each(function() { var showAnimation = new HSShowAnimation($(this)).init(); });\n});<\/script><script>$(document).on('ready', function() { \/\/ initialization of form validation $('.js-validate').each(function() { var validation = $.HSCore.components.HSValidation.init($(this)); }); \/\/ initialization of countdowns $('.js-countdown').each(function() { var countdown = $.HSCore.components.HSCountdown.init($(this)); });\n});<\/script><script>$(document).on('ready', function() { \/\/ initialization of slick carousel $('.js-slick-carousel').each(function() { var slickCarousel = $.HSCore.components.HSSlickCarousel.init($(this)); });\n});<\/script><script>$(document).on('ready', function() { \/\/ initialization of aos AOS.init({ duration: 1000, once: true, delay: 650 });\n});<\/script><script src=\"https:\/\/firstacademy.s3.ap-south-1.amazonaws.com\/themes\/7\/file_aos.js\"><\/script><script src=\"https:\/\/firstacademy.s3.ap-south-1.amazonaws.com\/themes\/7\/file_appear.js\"><\/script><script>$(document).on('ready', function() { \/\/ initialization of circles $('.js-circle').each(function() { var circle = $.HSCore.components.HSCircles.init($(this)); });\n});<\/script><script src=\"\/js\/test.js\"><\/script><script src=\"https:\/\/firstacademy.s3.ap-south-1.amazonaws.com\/themes\/7\/file_custom.js\"><\/script><\/body><\/html>",
    "settings": "null",
    "admin": 0,
    "client_id": 1,
    "theme_id": 7,
    "agency_id": 1,
    "user_id": 1,
    "status": 1,
    "created_at": "2021-08-17T07:23:57.000000Z",
    "updated_at": "2021-08-17T07:30:26.000000Z"
}