{
    "id": 7,
    "name": "Modal 3",
    "slug": "modal-3",
    "html": "<div id=\"exampleModalTopCover\" class=\"modal fade piofx_modal\" tabindex=\"-1\" role=\"dialog\"\n    aria-labelledby=\"exampleModalTopCoverTitle\" aria-hidden=\"true\">\n    <div class=\"modal-dialog modal-dialog-centered\" role=\"document\">\n        <div class=\"modal-content\">\n\n            <div class=\"modal-top-cover text-center\" style=\"background: #6365cc;;\">\n                <figure class=\"position-absolute right-0 bottom-0 left-0\">\n                    <svg preserveAspectRatio=\"none\" xmlns=\"http:\/\/www.w3.org\/2000\/svg\" x=\"0px\" y=\"0px\"\n                        viewBox=\"0 0 1920 100.1\">\n                        <path fill=\"#fff\" d=\"M0,0c0,0,934.4,93.4,1920,0v100.1H0L0,0z\" \/>\n                    <\/svg>\n                <\/figure>\n\n                <div class=\"modal-close\">\n                    <button type=\"button\" class=\"btn btn-icon btn-sm btn-ghost-light\" data-dismiss=\"modal\"\n                        aria-label=\"Close\">\n                        <svg width=\"16\" height=\"16\" viewBox=\"0 0 18 18\" xmlns=\"http:\/\/www.w3.org\/2000\/svg\">\n                            <path fill=\"#fff\"\n                                d=\"M11.5,9.5l5-5c0.2-0.2,0.2-0.6-0.1-0.9l-1-1c-0.3-0.3-0.7-0.3-0.9-0.1l-5,5l-5-5C4.3,2.3,3.9,2.4,3.6,2.6l-1,1 C2.4,3.9,2.3,4.3,2.5,4.5l5,5l-5,5c-0.2,0.2-0.2,0.6,0.1,0.9l1,1c0.3,0.3,0.7,0.3,0.9,0.1l5-5l5,5c0.2,0.2,0.6,0.2,0.9-0.1l1-1 c0.3-0.3,0.3-0.7,0.1-0.9L11.5,9.5z\" \/>\n                        <\/svg>\n                    <\/button>\n                <\/div>\n            <\/div>\n\n            <div class=\"modal-top-cover-avatar\">\n                <img class=\"avatar avatar-lg avatar-circle bg-primary avatar-border-lg avatar-centered shadow-soft p-2\"\n                    src=\"{{ &firstacademy-icon-white.svg }}\" alt=\"Logo\">\n            <\/div>\n\n            <div class=\"modal-body text-center\">\n                <h3>Wanna assess yourself?<\/h3>\n                <p>Take a Free IELTS Test<\/p>\n                <button type=\"button\" class=\"btn btn-sm btn-soft-primary\">Try Now<\/button>\n            <\/div>\n        <\/div>\n    <\/div>\n<\/div>",
    "html_minified": "<div id=\"exampleModalTopCover\" class=\"modal fade piofx_modal\" tabindex=\"-1\" role=\"dialog\" aria-labelledby=\"exampleModalTopCoverTitle\" aria-hidden=\"true\"> <div class=\"modal-dialog modal-dialog-centered\" role=\"document\"> <div class=\"modal-content\"> <div class=\"modal-top-cover text-center\" style=\"background: #6365cc;;\"> <figure class=\"position-absolute right-0 bottom-0 left-0\"> <svg preserveAspectRatio=\"none\" xmlns=\"http:\/\/www.w3.org\/2000\/svg\" x=\"0px\" y=\"0px\" viewBox=\"0 0 1920 100.1\"> <path fill=\"#fff\" d=\"M0,0c0,0,934.4,93.4,1920,0v100.1H0L0,0z\" \/> <\/svg> <\/figure> <div class=\"modal-close\"> <button type=\"button\" class=\"btn btn-icon btn-sm btn-ghost-light\" data-dismiss=\"modal\" aria-label=\"Close\"> <svg width=\"16\" height=\"16\" viewBox=\"0 0 18 18\" xmlns=\"http:\/\/www.w3.org\/2000\/svg\"> <path fill=\"#fff\" d=\"M11.5,9.5l5-5c0.2-0.2,0.2-0.6-0.1-0.9l-1-1c-0.3-0.3-0.7-0.3-0.9-0.1l-5,5l-5-5C4.3,2.3,3.9,2.4,3.6,2.6l-1,1 C2.4,3.9,2.3,4.3,2.5,4.5l5,5l-5,5c-0.2,0.2-0.2,0.6,0.1,0.9l1,1c0.3,0.3,0.7,0.3,0.9,0.1l5-5l5,5c0.2,0.2,0.6,0.2,0.9-0.1l1-1 c0.3-0.3,0.3-0.7,0.1-0.9L11.5,9.5z\" \/> <\/svg> <\/button> <\/div> <\/div> <div class=\"modal-top-cover-avatar\"> <img class=\"avatar avatar-lg avatar-circle bg-primary avatar-border-lg avatar-centered shadow-soft p-2\" src=\"https:\/\/firstacademy.s3.ap-south-1.amazonaws.com\/themes\/7\/file_firstacademy-icon-white.svg\" alt=\"Logo\"> <\/div> <div class=\"modal-body text-center\"> <h3>Wanna assess yourself?<\/h3> <p>Take a Free IELTS Test<\/p> <button type=\"button\" class=\"btn btn-sm btn-soft-primary\">Try Now<\/button> <\/div> <\/div> <\/div><\/div>",
    "settings": "null",
    "admin": 0,
    "client_id": 1,
    "agency_id": 1,
    "theme_id": 7,
    "user_id": 1,
    "status": 1,
    "created_at": "2021-06-19T11:16:26.000000Z",
    "updated_at": "2021-06-19T11:48:38.000000Z"
}