{
    "id": 9,
    "name": "samplee",
    "slug": "sample",
    "html": "{{@header}}\r\n<div class=\"p-4 m-5\" >sample<\/div>\r\n<div class=\"p-4 m-5\" >sample<\/div>\r\n<div class=\"p-4 m-5\" >sample<\/div>\r\n<div class=\"p-4 m-5\" >sample<\/div>\r\n\r\n<div class=\"w-md-80 w-lg-50 mx-md-auto mb-6\">\r\n                <div class=\"basic-grammar-1\" ><\/div>\r\n              <\/div>\r\n<a\r\n                  class=\"btn btn-info  transition-3d-hover trytest\"\r\n                  href=\"#\" data-container=\"basic-grammar-1\" \r\n                >sample<\/a>\r\n                <div class=\"p-4 m-5\" >sample<\/div>\r\n<div class=\"p-4 m-5\" >sample<\/div>\r\n<div class=\"p-4 m-5\" >sample<\/div>\r\n<div class=\"p-4 m-5\" >sample<\/div>\r\n{{@footer}}",
    "html_minified": "<!DOCTYPE html><html lang=\"en\"> <head>  <title>Classic Software | Front - Responsive Website Template<\/title>  <meta charset=\"utf-8\" \/> <meta name=\"viewport\" content=\"width=device-width, initial-scale=1, shrink-to-fit=no\" \/>  <link rel=\"shortcut icon\" href=\"..\/..\/favicon.ico\" \/>  <link href=\"https:\/\/firstacademy.s3.ap-south-1.amazonaws.com\/themes\/7\/file_front_all.css\" rel=\"stylesheet\" \/> <link rel=\"stylesheet\" href=\"https:\/\/firstacademy.s3.ap-south-1.amazonaws.com\/themes\/7\/file_style.css\"> <link rel=\"stylesheet\" href=\"https:\/\/firstacademy.s3.ap-south-1.amazonaws.com\/themes\/7\/file_aos.css\">  <link href=\"https:\/\/firstacademy.s3.ap-south-1.amazonaws.com\/themes\/7\/file_custom.css\" rel=\"stylesheet\" \/> <\/head> <body> <header id=\"header\" class=\"header nav-shadow position-fixed\" style=\"background: #2783a7;\">  <div class=\"header_text\"> <div class=\"text-white py-2 text-center d-block d-lg-flex justify-content-center align-items-center \" id=\"header_text\" style=\"background: #242424;\"> <div class=\"d-flex justify-content-center align-items-center\"> <span class=\"badge rounded-pill bg-primary mr-2\">New<\/span> <h5 class=\"text-white m-0\"> Writing better Letters and Emails<\/h5> <\/div> <a href=\"#\" class=\"text-decoration-none ml-3 text-info\">Read More &rarr;<\/a> <\/div> <\/div> <div id=\"logoAndNav\" class=\"container\">  <nav class=\"js-mega-menu navbar navbar-expand-xl d-flex justify-content-between\">  <a href=\"\/\" class=\"d-block d-lg-none\" aria-label=\"Front\"> <img class=\"img-fluid\" src=\"https:\/\/firstacademy.s3.ap-south-1.amazonaws.com\/themes\/7\/file_firstacademy-text-white.svg\" width=\"160\" alt=\"Logo\"> <\/a> <a href=\"\/\" class=\"d-none d-lg-block\" aria-label=\"Front\"> <img class=\"img-fluid\" src=\"https:\/\/firstacademy.s3.ap-south-1.amazonaws.com\/themes\/7\/file_firstacademy-white.svg\" width=\"160\" alt=\"Logo\"> <\/a>  <div> <a class=\"signup_btn ml-3 d-xl-none\" href=\"#\">Sign Up<\/a>  <button type=\"button\" class=\"navbar-toggler btn btn-icon btn-ghost-light\" aria-label=\"Toggle navigation\" aria-expanded=\"false\" aria-controls=\"navBar\" data-toggle=\"collapse\" data-target=\"#navBar\"> <span class=\"navbar-toggler-default\"> <svg width=\"14\" height=\"14\" viewBox=\"0 0 18 18\" xmlns=\"http:\/\/www.w3.org\/2000\/svg\"> <path fill=\"currentColor\" d=\"M17.4,6.2H0.6C0.3,6.2,0,5.9,0,5.5V4.1c0-0.4,0.3-0.7,0.6-0.7h16.9c0.3,0,0.6,0.3,0.6,0.7v1.4C18,5.9,17.7,6.2,17.4,6.2z M17.4,14.1H0.6c-0.3,0-0.6-0.3-0.6-0.7V12c0-0.4,0.3-0.7,0.6-0.7h16.9c0.3,0,0.6,0.3,0.6,0.7v1.4C18,13.7,17.7,14.1,17.4,14.1z\" \/> <\/svg> <\/span> <span class=\"navbar-toggler-toggled\"> <svg width=\"14\" height=\"14\" viewBox=\"0 0 18 18\" xmlns=\"http:\/\/www.w3.org\/2000\/svg\"> <path fill=\"currentColor\" d=\"M11.5,9.5l5-5c0.2-0.2,0.2-0.6-0.1-0.9l-1-1c-0.3-0.3-0.7-0.3-0.9-0.1l-5,5l-5-5C4.3,2.3,3.9,2.4,3.6,2.6l-1,1 C2.4,3.9,2.3,4.3,2.5,4.5l5,5l-5,5c-0.2,0.2-0.2,0.6,0.1,0.9l1,1c0.3,0.3,0.7,0.3,0.9,0.1l5-5l5,5c0.2,0.2,0.6,0.2,0.9-0.1l1-1 c0.3-0.3,0.3-0.7,0.1-0.9L11.5,9.5z\" \/> <\/svg> <\/span> <\/button>  <\/div>  <div id=\"navBar\" class=\"collapse navbar-collapse navbar-dark\"> <ul class=\"navbar-nav\"> <li class=\"navbar-nav-item mr-2\"> <a href=\"\/\" class=\"nav-link\">Home<\/a> <\/li>  <li class=\"hs-has-sub-menu navbar-nav-item\"> <a id=\"pagesMegaMenu\" class=\"hs-mega-menu-invoker nav-link \" href=\"javascript:;\" aria-haspopup=\"true\" aria-expanded=\"false\" aria-labelledby=\"pagesSubMenu\">Courses <i class=\"fas fa-chevron-down font-size-2 pb-2\"><\/i><\/a>  <div id=\"pagesSubMenu\" class=\"hs-sub-menu dropdown-menu \" aria-labelledby=\"pagesMegaMenu\" style=\"min-width: 230px;\"> <div class=\"d-flex\"> <div> <a href=\"\/courses\" class=\"dropdown-item\"> ALL COURSES<\/a> <a href=\"\/ielts\" class=\"dropdown-item\">IELTS<\/a> <a href=\"\/gre\" class=\"dropdown-item\">GRE<\/a> <a href=\"\/pte\" class=\"dropdown-item\">PTE<\/a> <a href=\"\/oet\" class=\"dropdown-item\">OET<\/a> <a href=\"\/sat\" class=\"dropdown-item\">SAT<\/a> <\/div> <div > <a href=\"\/ieltsonline\" class=\"dropdown-item\">IELTS Personalized <br> and Onlilne Training<\/a> <a href=\"\/pteonline\" class=\"dropdown-item\">PTE Personalized <br> and Onlilne Training<\/a> <a href=\"\/custom\" class=\"dropdown-item\">Corporate | Personalized | Onlilne<\/a> <a href=\"\/spokenenglish\" class=\"dropdown-item\">English Language Training<\/a> <a href=\"\/toefl\" class=\"dropdown-item\">TOEFL<\/a> <\/div> <\/div> <\/div>  <\/li>   <li class=\"hs-has-sub-menu navbar-nav-item\"> <a id=\"testsMegaMenu\" class=\"hs-mega-menu-invoker nav-link \" href=\"javascript:;\" aria-haspopup=\"true\" aria-expanded=\"false\" aria-labelledby=\"testsSubMenu\">Tests <i class=\"fas fa-chevron-down font-size-2 pb-2\"><\/i><\/a>  <div id=\"testsSubMenu\" class=\"hs-sub-menu dropdown-menu \" aria-labelledby=\"testsMegaMenu\" style=\"min-width: 230px;\"> <div> <a href=\"https:\/\/testing.firstacademy.in\/\" class=\"dropdown-item\">PTE Tests<\/a> <a href=\"https:\/\/testing.firstacademy.in\/\" class=\"dropdown-item\">GRE Mock Tests<\/a> <a href=\"\/downloads\" class=\"dropdown-item\">Downloads<\/a> <\/div> <\/div>  <\/li>   <li class=\"navbar-nav-item mr-2\"> <a class=\"nav-link\" href=\"\/blog\">Blog<\/a> <\/li>   <li class=\"navbar-nav-item mr-2\"> <a class=\"nav-link\" href=\"\/studyabroad\">Study Abroad<\/a> <\/li>   <li class=\"navbar-nav-item\"> <a href=\"\/contactus\" class=\"nav-link\">Contact Us<\/a> <\/li>   <li class=\"navbar-nav-item ml-lg-3 mt-3 mt-lg-0 d-none d-xl-block\"> <a class=\"signup_btn\" href=\"#\">Sign Up<\/a> <\/li>  <\/ul> <\/div>  <\/nav>  <\/div> <\/div><\/header><div class=\"p-4 m-5\" >sample<\/div><div class=\"p-4 m-5\" >sample<\/div><div class=\"p-4 m-5\" >sample<\/div><div class=\"p-4 m-5\" >sample<\/div><div class=\"w-md-80 w-lg-50 mx-md-auto mb-6\"> <div class=\"basic-grammar-1\" ><\/div> <\/div><a class=\"btn btn-info transition-3d-hover trytest\" href=\"#\" data-container=\"basic-grammar-1\" >sample<\/a> <div class=\"p-4 m-5\" >sample<\/div><div class=\"p-4 m-5\" >sample<\/div><div class=\"p-4 m-5\" >sample<\/div><div class=\"p-4 m-5\" >sample<\/div>{{ @chatBubble }}<footer style=\"background: #0f3341;\"> <div class=\"container\"> <div class=\"space-top-1 space-bottom-1 space-bottom-lg-1\"> <div class=\"row justify-content-lg-between\"> <div class=\"col-lg-3 ml-lg-auto mb-2 mb-lg-0\">  <div class=\"mb-3\"> <a href=\"#\"> <img class=\"brand w-75\" src=\"https:\/\/firstacademy.s3.ap-south-1.amazonaws.com\/themes\/7\/file_firstacademy-icon-white.svg\" alt=\"Logo\"> <\/a> <\/div>   <ul class=\"nav nav-sm nav-x-0 nav-white flex-column\"> <li class=\"nav-item\"> <a class=\"nav-link media\" href=\"javascript:;\"> <span class=\"media\"> <span class=\"fas fa-location-arrow mt-1 mr-2\"><\/span> <span class=\"media-body\"> 707 - 708, Pavani Prestige, Ameerpet, Hyderabad, Telengana, 500016 <\/span> <\/span> <\/a> <\/li> <li class=\"nav-item\"> <a class=\"nav-link media\" href=\"tel:+91-000-000-0000\"> <span class=\"media\"> <span class=\"fas fa-phone-alt mt-1 mr-2\"><\/span> <span class=\"media-body\"> +91 98 666 88 666 <br> +91 99 666 666 33 <\/span> <\/span> <\/a> <\/li> <\/ul>  <\/div> <div class=\"col-6 col-md-3 col-lg mb-3 mb-md-0\"> <h5 class=\"text-white\">Services<\/h5> <div class=\"row\"> <div class=\"col-6\">  <ul class=\"nav nav-sm nav-x-0 nav-white flex-column\"> <li class=\"nav-item\"><a class=\"nav-link\" href=\"\/ielts\">IELTS<\/a><\/li> <li class=\"nav-item\"><a class=\"nav-link\" href=\"\/pte\">PTE<\/a><\/li> <li class=\"nav-item\"><a class=\"nav-link\" href=\"\/toefl\">TOEFl<\/a><\/li> <li class=\"nav-item\"><a class=\"nav-link\" href=\"\/pteonline\">PTE Online<\/a><\/li> <li class=\"nav-item\"><a class=\"nav-link\" href=\"\/custom\">Corporate Training<\/a><\/li> <\/ul>  <\/div> <div class=\"col-6\">  <ul class=\"nav nav-sm nav-x-0 nav-white flex-column\"> <li class=\"nav-item\"><a class=\"nav-link\" href=\"\/gre\">GRE<\/a><\/li> <li class=\"nav-item\"><a class=\"nav-link\" href=\"\/oet\">OET<\/a><\/li> <li class=\"nav-item\"><a class=\"nav-link\" href=\"\/ieltsonline\">IELTS Online<\/a><\/li> <li class=\"nav-item\"><a class=\"nav-link\" href=\"\/spokenenglish\">Spoken English<\/a><\/li> <li class=\"nav-item\"><a class=\"nav-link\" href=\"https:\/\/testing.firstacademy.in\">Online Tests<\/a><\/li> <\/ul>  <\/div> <\/div> <\/div> <div class=\"col-6 col-md-3 col-lg\"> <h5 class=\"text-white\">Our Company<\/h5>  <ul class=\"nav nav-sm nav-x-0 nav-white flex-column\"> <li class=\"nav-item\"><a class=\"nav-link\" href=\"\/contactus\">Contact Us<\/a><\/li> <li class=\"nav-item\"><a class=\"nav-link\" href=\"\/reviews\">Reviews<\/a><\/li> <\/ul>  <\/div> <\/div> <\/div> <hr class=\"opacity-xs my-0\"> <div class=\"py-3\"> <div class=\"row align-items-md-center mb-3\"> <div class=\"col-md-6 mb-4 mb-md-0\">  <ul class=\"nav nav-sm nav-white nav-x-sm align-items-center\"> <li class=\"nav-item\"> <a class=\"nav-link\" href=\"\/privacy\">Privacy &amp; Policy<\/a> <\/li> <li class=\"nav-item opacity mx-3\">&#47;<\/li> <li class=\"nav-item\"> <a class=\"nav-link\" href=\"\/terms\">Terms & Services<\/a> <\/li> <\/ul>  <\/div> <div class=\"col-md-6 text-md-right\"> <ul class=\"list-inline mb-0\">  <li class=\"list-inline-item\"> <a class=\"btn btn-xs btn-icon btn-soft-light\" href=\"https:\/\/www.facebook.com\/firstacademy.in\/\"> <i class=\"fab fa-facebook-f\"><\/i> <\/a> <\/li> <li class=\"list-inline-item\"> <a class=\"btn btn-xs btn-icon btn-soft-light\" href=\"https:\/\/www.instagram.com\/firstacademy.in\/\"> <i class=\"fab fa-instagram\"><\/i> <\/a> <\/li> <li class=\"list-inline-item\"> <a class=\"btn btn-xs btn-icon btn-soft-light\" href=\"https:\/\/t.me\/firstacademy\"> <i class=\"fab fa-telegram\"><\/i> <\/a> <\/li> <li class=\"list-inline-item\"> <a class=\"btn btn-xs btn-icon btn-soft-light\" href=\"https:\/\/www.youtube.com\/c\/FirstacademyIn\/featured\"> <i class=\"fab fa-youtube\"><\/i> <\/a> <\/li>  <\/ul> <\/div> <\/div>  <div class=\"w-md-75 text-lg-center mx-lg-auto\"> <p class=\"text-white opacity-sm small\">&copy; 2021 First Academy. All rights reserved.<\/p> <p class=\"text-white opacity-sm small\">When you visit or interact with our sites, services or tools, we or our authorised service providers may use cookies for storing information to help provide you with a better, faster and safer experience and for marketing purposes.<\/p> <\/div>  <\/div> <\/div><\/footer><script>$(document).on('ready', function() { \/\/ initialization of header var header = new HSHeader($('#header')).init(); \/\/ initialization of mega menu var megaMenu = new HSMegaMenu($('.js-mega-menu'), { desktop: { position: 'left' } }).init(); \/\/ initialization of unfold var unfold = new HSUnfold('.js-hs-unfold-invoker').init(); \/\/ initialization of show animations $('.js-animation-link').each(function() { var showAnimation = new HSShowAnimation($(this)).init(); });\n});<\/script><script>$(document).on('ready', function() { \/\/ initialization of form validation $('.js-validate').each(function() { var validation = $.HSCore.components.HSValidation.init($(this)); }); \/\/ initialization of countdowns $('.js-countdown').each(function() { var countdown = $.HSCore.components.HSCountdown.init($(this)); });\n});<\/script><script>$(document).on('ready', function() { \/\/ initialization of slick carousel $('.js-slick-carousel').each(function() { var slickCarousel = $.HSCore.components.HSSlickCarousel.init($(this)); });\n});<\/script><script>$(document).on('ready', function() { \/\/ initialization of aos AOS.init({ duration: 1000, once: true, delay: 650 });\n});<\/script><script src=\"https:\/\/firstacademy.s3.ap-south-1.amazonaws.com\/themes\/7\/file_aos.js\"><\/script><script src=\"https:\/\/firstacademy.s3.ap-south-1.amazonaws.com\/themes\/7\/file_appear.js\"><\/script><script>$(document).on('ready', function() { \/\/ initialization of circles $('.js-circle').each(function() { var circle = $.HSCore.components.HSCircles.init($(this)); });\n});<\/script><script src=\"https:\/\/firstacademy.s3.ap-south-1.amazonaws.com\/themes\/7\/file_front_all.js\"><\/script><script src=\"\/js\/test.js\"><\/script><script src=\"..\/..\/assets\/vendor\/leaflet\/dist\/leaflet.js\"><\/script><script src=\"..\/..\/assets\/js\/hs.leaflet.js\"><\/script><script>$(document).on('ready', function() { \/\/ initialization of leaflet var leaflet = $.HSCore.components.HSLeaflet.init($('#mapExample1')[0]); leaflet.fire('movestart'); leaflet._rawPanBy([leaflet.getCenter().lng + 250, leaflet.getCenter().lat]); leaflet.fire('move'); leaflet.fire('moveend'); L.tileLayer( 'https:\/\/api.mapbox.com\/styles\/v1\/{id}\/tiles\/{z}\/{x}\/{y}?access_token=pk.eyJ1IjoibWFwYm94IiwiYSI6ImNpejY4NXVycTA2emYycXBndHRqcmZ3N3gifQ.rJcFIG214AriISLbB6B5aw', { id: 'mapbox\/light-v9' }).addTo(leaflet);\n});<\/script><script src=\"themes\/front\/vendor\/circles\/circles.min.js\"><\/script><script src=\"themes\/front\/js\/hs.circles.js\"><\/script><script src=\"https:\/\/firstacademy.s3.ap-south-1.amazonaws.com\/themes\/7\/file_custom.js\"><\/script><\/body><\/html>",
    "settings": "null",
    "admin": 0,
    "client_id": 1,
    "theme_id": 7,
    "agency_id": 1,
    "user_id": 1,
    "status": 1,
    "created_at": "2021-06-19T06:28:30.000000Z",
    "updated_at": "2021-06-19T12:09:16.000000Z"
}