{
    "id": 118,
    "name": "Toast 3",
    "slug": "toast-3",
    "html": "<div class=\"toast piofx_toast piofx_toast_t_r ml-2\" style=\"background: #4a5d5f;\" role=\"alert\" aria-live=\"assertive\"\n    aria-atomic=\"true\" data-time=\"1000\">\n    <i class=\"fas fa-times text-white text-right close mr-2 mt-2\" style=\"font-size: 1.5rem; cursor: pointer;\"\n        onclick=\"close_toast();\"><\/i>\n    <div class=\"toast-body text-center py-5 px-3\" style=\"max-width: 17rem;\">\n        <img src=\"..\/..\/assets\/svg\/logos\/firstacademy-icon-white.svg\" class=\"img-fluid\">\n        <h3 class=\"text-white mt-3\">Want to assess yourself?<\/h3>\n        <p class=\"mt-1 text-white\">Take a Free IELTS Test<\/p>\n    <\/div>\n    <a href=\"#\" class=\"bg-white text-center d-flex justify-content-center align-items-center\"\n        style=\"height: 2.5rem;cursor: pointer;\">\n        <i class=\"fas fa-chevron-right text-secondary\" style=\"margin-top: -5px;font-size: 1.5rem\"><\/i>\n    <\/a>\n<\/div>",
    "html_minified": "<div class=\"toast piofx_toast piofx_toast_t_r ml-2\" style=\"background: #4a5d5f;\" role=\"alert\" aria-live=\"assertive\" aria-atomic=\"true\" data-time=\"1000\"> <i class=\"fas fa-times text-white text-right close mr-2 mt-2\" style=\"font-size: 1.5rem; cursor: pointer;\" onclick=\"close_toast();\"><\/i> <div class=\"toast-body text-center py-5 px-3\" style=\"max-width: 17rem;\"> <img src=\"..\/..\/assets\/svg\/logos\/firstacademy-icon-white.svg\" class=\"img-fluid\"> <h3 class=\"text-white mt-3\">Want to assess yourself?<\/h3> <p class=\"mt-1 text-white\">Take a Free IELTS Test<\/p> <\/div> <a href=\"#\" class=\"bg-white text-center d-flex justify-content-center align-items-center\" style=\"height: 2.5rem;cursor: pointer;\"> <i class=\"fas fa-chevron-right text-secondary\" style=\"margin-top: -5px;font-size: 1.5rem\"><\/i> <\/a><\/div>",
    "settings": "null",
    "admin": 0,
    "client_id": 1,
    "agency_id": 1,
    "theme_id": 12,
    "user_id": 1,
    "status": 1,
    "created_at": "2021-07-16T12:07:41.000000Z",
    "updated_at": "2021-07-16T12:07:41.000000Z"
}