{
    "id": 116,
    "name": "Toast 1",
    "slug": "toast-1",
    "html": "<div class=\"toast piofx_toast piofx_toast_b_l ml-2 d-none d-md-block\" style=\"background: #c0392b;z-index:2000;\"\n    role=\"alert\" aria-live=\"assertive\" aria-atomic=\"true\" data-time=\"3000\">\n    <i class=\"fas fa-times text-white text-right close mr-2 mt-2\" style=\"font-size: 1.5rem; cursor: pointer;\"\n        onclick=\"close_toast();\"><\/i>\n    <div class=\"toast-body text-center py-5 px-3\" style=\"max-width: 17rem;\">\n        <img src=\"{{ &firstacademy-icon-white.svg }}\" class=\"img-fluid\">\n        <h3 class=\"text-white mt-3\">Want to assess yourself?<\/h3>\n        <p class=\"mt-1 text-white\">Take a Free IELTS Test<\/p>\n    <\/div>\n    <a href=\"#\" class=\"bg-white text-center d-flex justify-content-center align-items-center\" data-toggle=\"modal\"\n        data-target=\"#free_test\" style=\"height: 2.5rem;cursor: pointer;\" onclick=\"close_toast();\">\n        <i class=\"fas fa-chevron-right text-secondary\" style=\"margin-top: -5px;font-size: 1.5rem\"><\/i>\n    <\/a>\n<\/div>",
    "html_minified": "<div class=\"toast piofx_toast piofx_toast_b_l ml-2 d-none d-md-block\" style=\"background: #c0392b;z-index:2000;\" role=\"alert\" aria-live=\"assertive\" aria-atomic=\"true\" data-time=\"3000\"> <i class=\"fas fa-times text-white text-right close mr-2 mt-2\" style=\"font-size: 1.5rem; cursor: pointer;\" onclick=\"close_toast();\"><\/i> <div class=\"toast-body text-center py-5 px-3\" style=\"max-width: 17rem;\"> <img src=\"https:\/\/firstacademy.s3.ap-south-1.amazonaws.com\/themes\/12\/file_firstacademy-icon-white.svg\" class=\"img-fluid\"> <h3 class=\"text-white mt-3\">Want to assess yourself?<\/h3> <p class=\"mt-1 text-white\">Take a Free IELTS Test<\/p> <\/div> <a href=\"#\" class=\"bg-white text-center d-flex justify-content-center align-items-center\" data-toggle=\"modal\" data-target=\"#free_test\" style=\"height: 2.5rem;cursor: pointer;\" onclick=\"close_toast();\"> <i class=\"fas fa-chevron-right text-secondary\" style=\"margin-top: -5px;font-size: 1.5rem\"><\/i> <\/a><\/div>",
    "settings": "null",
    "admin": 0,
    "client_id": 1,
    "agency_id": 1,
    "theme_id": 12,
    "user_id": 1,
    "status": 1,
    "created_at": "2021-07-16T12:07:41.000000Z",
    "updated_at": "2021-07-16T12:08:37.000000Z"
}