{
    "id": 38,
    "name": "Modal 1",
    "slug": "modal-1",
    "html": "<div class=\"modal fade piofx_modal\" tabindex=\"-1\" aria-labelledby=\"exampleModalLabel\" aria-hidden=\"true\"\n    data-time=\"1000\">\n    <div class=\"modal-dialog modal-dialog-centered modal-lg modal-dialog-scrollable\">\n        <div class=\"modal-content px-5 bg-danger\">\n            <div class=\"modal-body\"\n                style=\"background: url(..\/..\/assets\/img\/background_banner.jpg); background-position: center; background-size: cover;\">\n                <div class=\"row\">\n                    <div class=\"col-6\">\n                        <img src=\"..\/..\/assets\/img\/Online class.svg\" class=\"img-fluid\">\n                    <\/div>\n                    <div class=\"col-6 d-flex align-items-center justify-content-end\">\n                        <div class=\"text-right\">\n                            <h3>Wanna assess yourself?<\/h3>\n                            <p>Take a Free IELTS Test<\/p>\n                            <a href=\"#\" class=\"btn btn-sm btn-soft-danger mt-3\">Book a Slot<\/a>\n                        <\/div>\n                    <\/div>\n                <\/div>\n            <\/div>\n        <\/div>\n    <\/div>\n<\/div>",
    "html_minified": "<div class=\"modal fade piofx_modal\" tabindex=\"-1\" aria-labelledby=\"exampleModalLabel\" aria-hidden=\"true\" data-time=\"1000\"> <div class=\"modal-dialog modal-dialog-centered modal-lg modal-dialog-scrollable\"> <div class=\"modal-content px-5 bg-danger\"> <div class=\"modal-body\" style=\"background: url(..\/..\/assets\/img\/background_banner.jpg); background-position: center; background-size: cover;\"> <div class=\"row\"> <div class=\"col-6\"> <img src=\"..\/..\/assets\/img\/Online class.svg\" class=\"img-fluid\"> <\/div> <div class=\"col-6 d-flex align-items-center justify-content-end\"> <div class=\"text-right\"> <h3>Wanna assess yourself?<\/h3> <p>Take a Free IELTS Test<\/p> <a href=\"#\" class=\"btn btn-sm btn-soft-danger mt-3\">Book a Slot<\/a> <\/div> <\/div> <\/div> <\/div> <\/div> <\/div><\/div>",
    "settings": "null",
    "admin": 0,
    "client_id": 1,
    "agency_id": 1,
    "theme_id": 9,
    "user_id": 1,
    "status": 1,
    "created_at": "2021-09-02T09:46:24.000000Z",
    "updated_at": "2021-09-02T09:46:24.000000Z"
}