{
    "id": 40,
    "name": "Call To Action",
    "slug": "cta",
    "html": "<div class=\"mt-10\" style=\"background: #daf1f9;\">\r\n    <div class=\"container space-1\">\r\n        <div class=\"row justify-content-lg-between align-items-lg-center text-center text-lg-left\">\r\n            <div class=\"col-lg-5 mb-5 mb-lg-0\">\r\n                <h2 class=\"text-dark mb-0\">Wanna Assess Yourself ?<\/h2>\r\n                <p class=\"text-muted\">Take a Free IELTS Test<\/p>\r\n            <\/div>\r\n\r\n            <div class=\"col-lg-5 text-lg-right\">\r\n                <a class=\"btn btn-indigo btn-wide btn-pill transition-3d-hover mx-1 mb-2\" href=\"#\">Try Now<\/a>\r\n                <a class=\"btn btn-light btn-wide btn-pill transition-3d-hover mx-1 mb-2\" href=\"#\">Learn More<\/a>\r\n            <\/div>\r\n        <\/div>\r\n    <\/div>\r\n<\/div>",
    "html_minified": "<div class=\"mt-10\" style=\"background: #daf1f9;\"> <div class=\"container space-1\"> <div class=\"row justify-content-lg-between align-items-lg-center text-center text-lg-left\"> <div class=\"col-lg-5 mb-5 mb-lg-0\"> <h2 class=\"text-dark mb-0\">Wanna Assess Yourself ?<\/h2> <p class=\"text-muted\">Take a Free IELTS Test<\/p> <\/div> <div class=\"col-lg-5 text-lg-right\"> <a class=\"btn btn-indigo btn-wide btn-pill transition-3d-hover mx-1 mb-2\" href=\"#\">Try Now<\/a> <a class=\"btn btn-light btn-wide btn-pill transition-3d-hover mx-1 mb-2\" href=\"#\">Learn More<\/a> <\/div> <\/div> <\/div><\/div>",
    "settings": "null",
    "admin": 0,
    "client_id": 1,
    "agency_id": 1,
    "theme_id": 9,
    "user_id": 1,
    "status": 1,
    "created_at": "2021-09-02T09:46:26.000000Z",
    "updated_at": "2021-09-02T09:46:26.000000Z"
}